date,open,high,low,close,adjclose,volume,ticker,returns
2024-01-02,95.44999694824219,95.94999694824219,93.62000274658203,93.66999816894531,90.16138458251953,8859700,SBUX,
2024-01-03,93.95999908447266,94.23999786376953,93.05999755859375,93.2300033569336,89.73786926269531,7161700,SBUX,-0.004697286437629011
2024-01-04,93.0999984741211,94.58000183105469,93.0,93.55000305175781,90.04589080810547,7118600,SBUX,0.003432368157266774
2024-01-05,93.33000183105469,93.58000183105469,92.4800033569336,92.98999786376953,89.50685119628906,7189900,SBUX,-0.005986158949438547
2024-01-08,93.0199966430664,94.56999969482422,92.94999694824219,94.19000244140625,90.66191864013672,7536900,SBUX,0.01290466292293857
2024-01-09,93.61000061035156,93.7300033569336,92.86000061035156,93.08999633789062,89.60311126708984,6348500,SBUX,-0.011678586633437238
2024-01-10,93.01000213623047,93.69000244140625,92.87999725341797,93.5,89.99776458740234,5847700,SBUX,0.004404379398847302
2024-01-11,93.33000183105469,93.63999938964844,91.9000015258789,92.94000244140625,89.458740234375,6483600,SBUX,-0.005989278701537426
2024-01-12,93.2300033569336,93.4000015258789,91.7699966430664,91.9800033569336,88.5346908569336,5638700,SBUX,-0.010329234551913036
2024-01-16,92.66000366210938,92.7300033569336,91.7300033569336,92.69999694824219,89.22771453857422,7493400,SBUX,0.007827718689187524
2024-01-17,91.66000366210938,91.95999908447266,91.4000015258789,91.7699966430664,88.33255767822266,6672900,SBUX,-0.010032366081900057
2024-01-18,91.95999908447266,93.43000030517578,91.81999969482422,93.33999633789062,89.84374237060547,7549500,SBUX,0.017107984660069686
2024-01-19,93.18000030517578,94.23999786376953,92.63999938964844,93.86000061035156,90.3442611694336,9556100,SBUX,0.005571076632342242
2024-01-22,93.80000305175781,93.91999816894531,92.80999755859375,93.06999969482422,89.5838623046875,9421000,SBUX,-0.00841680066471484
2024-01-23,93.02999877929688,93.6500015258789,91.7699966430664,91.97000122070312,88.52506256103516,10227100,SBUX,-0.011819044565681502
2024-01-24,92.55000305175781,92.83999633789062,91.98999786376953,92.04000091552734,88.59244537353516,7661400,SBUX,0.0007611144274777271
2024-01-25,92.22000122070312,92.6500015258789,91.72000122070312,92.61000061035156,89.14108276367188,11991500,SBUX,0.006192956205501865
2024-01-26,92.91999816894531,93.48999786376953,92.41000366210938,92.80000305175781,89.323974609375,9229400,SBUX,0.0020516406452222302
2024-01-29,93.0199966430664,93.93000030517578,92.23999786376953,93.80000305175781,90.2865219116211,12728100,SBUX,0.010775861714597879
2024-01-30,93.0,94.68000030517578,92.58999633789062,94.08000183105469,90.55604553222656,17625200,SBUX,0.00298506151585487
2024-01-31,98.27999877929688,98.36000061035156,93.0199966430664,93.02999877929688,89.54535675048828,26751800,SBUX,-0.011160746506397534
2024-02-01,93.0999984741211,93.5999984741211,91.87000274658203,93.37000274658203,89.87263488769531,15001500,SBUX,0.0036547777248903124
2024-02-02,92.69000244140625,93.61000061035156,91.66999816894531,92.98999786376953,89.50685119628906,11365900,SBUX,-0.0040698818853404095
2024-02-05,92.77999877929688,92.87000274658203,91.9000015258789,92.51000213623047,89.04484558105469,7335800,SBUX,-0.005161799532915956
2024-02-06,92.5,95.69999694824219,92.3499984741211,95.66999816894531,92.08647155761719,11531500,SBUX,0.034158425680948845
2024-02-07,96.23999786376953,96.66000366210938,94.43000030517578,95.30999755859375,91.73995971679688,9078000,SBUX,-0.0037629415411488676
2024-02-08,95.0999984741211,96.69000244140625,93.93000030517578,96.58999633789062,93.5313720703125,9888100,SBUX,0.013429847991654587
2024-02-09,96.31999969482422,97.98999786376953,96.29000091552734,97.30000305175781,94.2188949584961,9385600,SBUX,0.007350727205573504
2024-02-12,96.91999816894531,97.13999938964844,95.37999725341797,95.47000122070312,92.44684600830078,9224400,SBUX,-0.018807829122895692
2024-02-13,94.8499984741211,95.55999755859375,93.38999938964844,93.87000274658203,90.89751434326172,8138500,SBUX,-0.01675917517191905
2024-02-14,94.08000183105469,94.47000122070312,93.76000213623047,94.06999969482422,91.0911865234375,5510600,SBUX,0.0021305735846424145
2024-02-15,94.02999877929688,94.23999786376953,93.0,93.22000122070312,90.26809692382812,8878000,SBUX,-0.009035808194733708
2024-02-16,93.0999984741211,94.18000030517578,92.75,93.22000122070312,90.26809692382812,5734200,SBUX,0.0
2024-02-20,93.36000061035156,94.12000274658203,93.06999969482422,93.45999908447266,90.50048828125,8844500,SBUX,0.0025745318668397577
2024-02-21,93.86000061035156,95.7699966430664,93.7699966430664,95.0199966430664,92.0110855102539,8286300,SBUX,0.01669160682511639
2024-02-22,94.88999938964844,96.08000183105469,94.13999938964844,95.77999877929688,92.74702453613281,8124700,SBUX,0.007998338908444147
2024-02-23,95.87999725341797,96.93000030517578,95.58000183105469,95.62000274658203,92.59209442138672,6845200,SBUX,-0.0016704534845893848
2024-02-26,95.36000061035156,95.56999969482422,94.25,94.27999877929688,91.29452514648438,7043800,SBUX,-0.01401384573096609
2024-02-27,94.31999969482422,94.66000366210938,93.5999984741211,94.12999725341797,91.14927673339844,5356100,SBUX,-0.0015910217206307475
2024-02-28,93.7699966430664,93.97000122070312,92.7699966430664,93.0,90.0550537109375,5622400,SBUX,-0.012004645558161164
2024-02-29,94.5,95.0999984741211,93.9800033569336,94.9000015258789,91.89488983154297,11221100,SBUX,0.020430123934181754
2024-03-01,94.44999694824219,94.56999969482422,92.91000366210938,93.16000366210938,90.20999145507812,7990800,SBUX,-0.0183350667628287
2024-03-04,93.05999755859375,93.31999969482422,92.04000091552734,92.45999908447266,89.53215789794922,7321000,SBUX,-0.007514003328892405
2024-03-05,92.0999984741211,92.16999816894531,91.06999969482422,91.22000122070312,88.33142852783203,7137300,SBUX,-0.013411181873759892
2024-03-06,91.3499984741211,92.02999877929688,91.12000274658203,91.6500015258789,88.74781036376953,4826900,SBUX,0.004713881817819843
2024-03-07,91.62000274658203,91.76000213623047,90.30999755859375,90.94999694824219,88.06997680664062,8792400,SBUX,-0.007637802138378169
2024-03-08,90.62000274658203,91.52999877929688,90.5999984741211,91.05999755859375,88.1764907836914,7671500,SBUX,0.001209462496344793
2024-03-11,91.26000213623047,92.95999908447266,91.16999816894531,92.06999969482422,89.15451049804688,6702300,SBUX,0.011091611720948746
2024-03-12,92.0,92.72000122070312,91.20999908447266,92.4000015258789,89.47406005859375,9444900,SBUX,0.0035842492901978495
2024-03-13,92.48999786376953,92.87000274658203,90.87000274658203,91.61000061035156,88.70906829833984,8254500,SBUX,-0.008549793316898202
2024-03-14,91.0999984741211,91.70999908447266,90.41000366210938,91.66000366210938,88.75749206542969,8544800,SBUX,0.0005458252529708663
2024-03-15,91.5999984741211,92.0199966430664,90.0999984741211,90.12000274658203,87.26626586914062,18133600,SBUX,-0.016801231224082502
2024-03-18,90.75,91.43000030517578,90.52999877929688,91.01000213623047,88.1280746459961,7413900,SBUX,0.009875714186906137
2024-03-19,91.0,91.9000015258789,90.86000061035156,91.58999633789062,88.689697265625,5676500,SBUX,0.006372862191476258
2024-03-20,91.79000091552734,92.62999725341797,91.5199966430664,92.5999984741211,89.66771697998047,5804400,SBUX,0.01102742850326588
2024-03-21,92.62999725341797,93.16999816894531,91.63999938964844,91.66000366210938,88.75749206542969,6287300,SBUX,-0.010151132046448352
2024-03-22,91.73999786376953,91.77999877929688,90.05999755859375,90.70999908447266,87.83757019042969,6493800,SBUX,-0.010364439664859337
2024-03-25,90.6500015258789,91.12000274658203,90.47000122070312,90.66999816894531,87.79883575439453,6903000,SBUX,-0.00044097581227064975
2024-03-26,90.9800033569336,91.0,90.2300033569336,90.36000061035156,87.49866485595703,6216100,SBUX,-0.0034189650915855685
2024-03-27,90.6500015258789,91.83000183105469,90.5999984741211,91.5,88.6025619506836,5863700,SBUX,0.012616195019346188
2024-03-28,91.79000091552734,92.23999786376953,91.30000305175781,91.38999938964844,88.49603271484375,6784300,SBUX,-0.0012021924628585756
2024-04-01,91.81999969482422,92.06999969482422,91.0199966430664,91.52999877929688,88.63160705566406,4990200,SBUX,0.0015318896004314908
2024-04-02,91.11000061035156,91.23999786376953,89.2300033569336,89.30000305175781,86.47222137451172,8276800,SBUX,-0.024363550281653268
2024-04-03,89.5999984741211,89.83999633789062,88.6500015258789,88.69999694824219,85.89122009277344,6316400,SBUX,-0.006718993090827352
2024-04-04,89.12999725341797,89.33999633789062,87.61000061035156,87.62000274658203,84.84542083740234,8057600,SBUX,-0.012175808780358288
2024-04-05,87.9000015258789,87.93000030517578,86.83000183105469,86.8499984741211,84.09979248046875,7153300,SBUX,-0.008787996442866763
2024-04-08,86.97000122070312,87.36000061035156,86.36000061035156,87.19000244140625,84.42903900146484,6322900,SBUX,0.003914841373157563
2024-04-09,87.19000244140625,87.5999984741211,86.30999755859375,87.12999725341797,84.37093353271484,6242700,SBUX,-0.0006882117938763477
2024-04-10,86.31999969482422,86.87000274658203,85.5999984741211,85.94999694824219,83.2282943725586,7413900,SBUX,-0.01354298568085277
2024-04-11,86.0,86.30999755859375,85.26000213623047,85.9000015258789,83.17989349365234,6841600,SBUX,-0.0005816803273813731
2024-04-12,85.41999816894531,85.51000213623047,84.29000091552734,84.91999816894531,82.23091888427734,8591200,SBUX,-0.011408653545114888
2024-04-15,85.4000015258789,86.37000274658203,84.91999816894531,85.16999816894531,82.47300720214844,9676900,SBUX,0.0029439473079431178
2024-04-16,84.81999969482422,86.19000244140625,84.41999816894531,85.41999816894531,82.715087890625,8866800,SBUX,0.0029353059219761057
2024-04-17,86.0,86.41999816894531,85.33999633789062,86.20999908447266,83.48007202148438,6870100,SBUX,0.009248430490069293
2024-04-18,86.44000244140625,87.62999725341797,86.05000305175781,87.1500015258789,84.39030456542969,11403300,SBUX,0.010903635905217701
2024-04-19,87.1500015258789,88.08000183105469,87.12000274658203,87.61000061035156,84.83573913574219,11898200,SBUX,0.005278245283060201
2024-04-22,88.08000183105469,88.61000061035156,87.33999633789062,88.18000030517578,85.38768768310547,8669000,SBUX,0.006506103080164527
2024-04-23,88.7699966430664,88.80999755859375,87.31999969482422,87.87000274658203,85.08750915527344,5670500,SBUX,-0.003515508704024728
2024-04-24,87.05999755859375,88.94000244140625,86.94999694824219,88.75,85.93963623046875,7183900,SBUX,0.010014763012536676
2024-04-25,89.55000305175781,89.7300033569336,87.68000030517578,87.83999633789062,85.05845642089844,7284600,SBUX,-0.010253562389964777
2024-04-26,87.4000015258789,89.25,87.37000274658203,88.25,85.4554672241211,7185300,SBUX,0.00466761929875581
2024-04-29,88.23999786376953,88.61000061035156,87.86000061035156,88.33000183105469,85.53295135498047,8522800,SBUX,0.0009065363292315443
2024-04-30,87.61000061035156,88.98999786376953,87.18000030517578,88.48999786376953,85.68787384033203,14538400,SBUX,0.0018113441571172562
2024-05-01,75.81999969482422,76.98999786376953,72.66999816894531,74.44000244140625,72.0827865600586,66610700,SBUX,-0.1587749549275983
2024-05-02,74.9000015258789,75.1500015258789,73.3499984741211,74.93000030517578,72.55725860595703,23883400,SBUX,0.006582453623039886
2024-05-03,75.2699966430664,75.51000213623047,72.98999786376953,73.11000061035156,70.79489135742188,22153800,SBUX,-0.024289332542529074
2024-05-06,73.30999755859375,74.19000244140625,72.69999694824219,72.9000015258789,70.59154510498047,18632200,SBUX,-0.002872371532204876
2024-05-07,72.8499984741211,72.8499984741211,71.80000305175781,72.5,70.20421600341797,21901300,SBUX,-0.005486989266206055
2024-05-08,72.29000091552734,74.47000122070312,72.25,73.5,71.17254638671875,24482600,SBUX,0.01379310344827589
2024-05-09,73.56999969482422,75.76000213623047,73.06999969482422,75.68000030517578,73.28351593017578,18591500,SBUX,0.02965986809762966
2024-05-10,75.30999755859375,76.30999755859375,75.05999755859375,76.11000061035156,73.69989776611328,15761900,SBUX,0.005681822191356156
2024-05-13,76.22000122070312,76.83999633789062,75.80000305175781,76.18000030517578,73.76768493652344,10953600,SBUX,0.0009197174387447493
2024-05-14,76.2300033569336,76.7300033569336,75.5199966430664,75.62999725341797,73.23509979248047,10961100,SBUX,-0.007219782745530479
2024-05-15,75.9000015258789,76.02999877929688,75.31999969482422,75.69999694824219,73.3028793334961,8826500,SBUX,0.0009255546392481495
2024-05-16,75.19000244140625,75.55000305175781,74.45999908447266,75.27999877929688,73.44923400878906,10758500,SBUX,-0.005548192680013941
2024-05-17,75.2699966430664,78.0,74.91999816894531,77.8499984741211,75.95673370361328,14436500,SBUX,0.034139210102259065
2024-05-20,77.68000030517578,78.31999969482422,76.70999908447266,77.54000091552734,75.65428161621094,11183800,SBUX,-0.003981985416439016
2024-05-21,77.55999755859375,78.22000122070312,77.5,77.72000122070312,75.82989501953125,8916600,SBUX,0.0023213864205633428
2024-05-22,77.69999694824219,81.0199966430664,77.44000244140625,80.72000122070312,78.7569351196289,22072200,SBUX,0.03860010232733835
2024-05-23,80.0999984741211,80.69999694824219,77.63999938964844,78.30999755859375,76.4055404663086,15841300,SBUX,-0.029856338276308847
2024-05-24,78.5,79.22000122070312,78.11000061035156,78.87000274658203,76.95193481445312,10744400,SBUX,0.00715113274737722
2024-05-28,78.79000091552734,78.80000305175781,77.41000366210938,77.4800033569336,75.59574127197266,8833300,SBUX,-0.017623929773587732
2024-05-29,77.0999984741211,78.31999969482422,76.83000183105469,76.87999725341797,75.01033020019531,9268100,SBUX,-0.007744012358279373
2024-05-30,77.0999984741211,78.87999725341797,77.05999755859375,78.76000213623047,76.84461212158203,9296600,SBUX,0.024453758454432206
2024-05-31,79.08000183105469,80.33000183105469,78.61000061035156,80.22000122070312,78.26908874511719,12669700,SBUX,0.018537316466133547
2024-06-03,79.68000030517578,82.12000274658203,79.62000274658203,82.08000183105469,80.0838623046875,12443400,SBUX,0.02318624510157119
2024-06-04,81.97000122070312,83.43000030517578,81.9000015258789,82.79000091552734,80.77660369873047,12370000,SBUX,0.008650086118833666
2024-06-05,82.45999908447266,82.5,80.95999908447266,81.16000366210938,79.18624114990234,11275300,SBUX,-0.01968833476739651
2024-06-06,81.1500015258789,82.93000030517578,80.91999816894531,81.47000122070312,79.48869323730469,9237800,SBUX,0.003819585320428809
2024-06-07,81.62000274658203,82.62999725341797,80.61000061035156,81.43000030517578,79.44966888427734,10852600,SBUX,-0.0004909895044554746
2024-06-10,81.48999786376953,81.8499984741211,80.83999633789062,81.5999984741211,79.61553192138672,8700800,SBUX,0.0020876601781678605
2024-06-11,80.91999816894531,80.97000122070312,79.75,79.88999938964844,77.9471206665039,9024300,SBUX,-0.020955871525107583
2024-06-12,79.98999786376953,80.18000030517578,79.18000030517578,79.37999725341797,77.44951629638672,8873400,SBUX,-0.006383804482749222
2024-06-13,79.5,80.9000015258789,79.18000030517578,80.23999786376953,78.28860473632812,13947300,SBUX,0.010833971278759735
2024-06-14,80.0,80.4000015258789,79.11000061035156,79.6500015258789,77.71295928955078,7192400,SBUX,-0.007352895732777975
2024-06-17,79.58000183105469,81.75,79.2699966430664,81.33000183105469,79.35210418701172,9845900,SBUX,0.021092282146786046
2024-06-18,81.01000213623047,81.70999908447266,79.58999633789062,80.19999694824219,78.24958038330078,9664500,SBUX,-0.013894071773905003
2024-06-20,79.81999969482422,80.77999877929688,79.66999816894531,79.72000122070312,77.78125762939453,10183900,SBUX,-0.005984984361643186
2024-06-21,80.0,80.25,79.16000366210938,79.91000366210938,77.96664428710938,25650600,SBUX,0.002383372284205487
2024-06-24,80.0,80.06999969482422,79.16999816894531,79.7300033569336,77.791015625,7396600,SBUX,-0.002252537816627931
2024-06-25,80.0,80.75,78.87000274658203,79.27999877929688,77.35195922851562,16177000,SBUX,-0.005644105840835745
2024-06-26,79.0,79.27999877929688,78.37999725341797,79.1500015258789,77.2251205444336,10708100,SBUX,-0.001639723201558807
2024-06-27,79.05000305175781,79.44000244140625,78.68000030517578,79.23999786376953,77.31293487548828,10289600,SBUX,0.0011370352009556495
2024-06-28,78.72000122070312,78.87999725341797,77.61000061035156,77.8499984741211,75.95673370361328,13207500,SBUX,-0.017541638403854365
2024-07-01,77.98999786376953,78.22000122070312,76.77999877929688,77.12999725341797,75.25423431396484,6767600,SBUX,-0.009248570774763265
2024-07-02,77.12000274658203,77.20999908447266,76.27999877929688,76.83000183105469,74.96153259277344,8854100,SBUX,-0.0038894779339563312
2024-07-03,76.83999633789062,77.04000091552734,76.06999969482422,76.26000213623047,74.40540313720703,4906700,SBUX,-0.007418972813219793
2024-07-05,76.23999786376953,76.2699966430664,75.41999816894531,76.05000305175781,74.20050811767578,9663100,SBUX,-0.0027537251323113132
2024-07-08,76.33999633789062,76.44999694824219,74.47000122070312,74.56999969482422,72.75650787353516,8871200,SBUX,-0.01946092435954727
2024-07-09,74.62999725341797,74.63999938964844,72.7300033569336,72.75,70.98075866699219,11816900,SBUX,-0.024406593834954027
2024-07-10,72.98999786376953,73.16999816894531,72.3499984741211,72.51000213623047,70.74659729003906,11132500,SBUX,-0.0032989397081722993
2024-07-11,72.33999633789062,73.5,72.08000183105469,73.30000305175781,71.51738739013672,12316100,SBUX,0.010895061264004635
2024-07-12,73.80000305175781,75.05999755859375,73.37999725341797,74.83000183105469,73.01017761230469,10559300,SBUX,0.02087310662479136
2024-07-15,74.88999938964844,74.9000015258789,72.5199966430664,72.75,70.98075866699219,9064400,SBUX,-0.02779636215632808
2024-07-16,72.20999908447266,75.51000213623047,71.55000305175781,75.51000213623047,73.67364501953125,14968700,SBUX,0.03793817369388952
2024-07-17,75.22000122070312,76.12999725341797,74.55000305175781,75.0999984741211,73.27360534667969,11567800,SBUX,-0.0054297927494383336
2024-07-18,74.45999908447266,75.11000061035156,73.80999755859375,74.19000244140625,72.38574981689453,10701000,SBUX,-0.012117124516699218
2024-07-19,74.66000366210938,79.37999725341797,74.19000244140625,79.2699966430664,77.34220123291016,32965900,SBUX,0.0684727595968504
2024-07-22,78.33000183105469,78.47000122070312,76.01000213623047,76.55000305175781,74.68834686279297,18851500,SBUX,-0.03431302770903433
2024-07-23,77.13999938964844,77.13999938964844,76.02999877929688,76.26000213623047,74.40540313720703,9592100,SBUX,-0.003788385420850582
2024-07-24,76.37000274658203,76.48999786376953,74.0199966430664,74.68000030517578,72.86382293701172,10478200,SBUX,-0.020718617713020526
2024-07-25,75.05999755859375,75.7699966430664,73.26000213623047,73.31999969482422,71.53689575195312,18973600,SBUX,-0.018211041842447706
2024-07-26,73.83999633789062,75.0199966430664,73.70999908447266,74.05000305175781,72.24915313720703,12387100,SBUX,0.009956401527169145
2024-07-29,74.38999938964844,75.58999633789062,73.72000122070312,75.19999694824219,73.37117767333984,10864700,SBUX,0.015529964201089541
2024-07-30,75.25,76.05000305175781,74.8499984741211,75.94000244140625,74.09318542480469,16163600,SBUX,0.009840498978655354
2024-07-31,79.55000305175781,81.23999786376953,77.80000305175781,77.94999694824219,76.0542984008789,18901100,SBUX,0.026468191232767113
2024-08-01,77.88999938964844,78.13999938964844,73.83000183105469,75.11000061035156,73.28337097167969,17307200,SBUX,-0.03643356573543355
2024-08-02,75.11000061035156,76.66999816894531,74.91999816894531,75.87999725341797,74.0346450805664,15185700,SBUX,0.01025158616441657
2024-08-05,73.8499984741211,75.0,72.72000122070312,73.86000061035156,72.06376647949219,12372900,SBUX,-0.02662093721906955
2024-08-06,73.91999816894531,75.98999786376953,73.83999633789062,75.37000274658203,73.53704833984375,10525500,SBUX,0.020444112154784255
2024-08-07,75.30000305175781,76.83000183105469,75.16000366210938,75.29000091552734,73.45899963378906,7297000,SBUX,-0.0010614545328289093
2024-08-08,75.06999969482422,76.1500015258789,74.80000305175781,75.75,73.90780639648438,8988300,SBUX,0.006109696890411298
2024-08-09,75.6500015258789,75.86000061035156,74.75,75.08999633789062,73.26384735107422,4683600,SBUX,-0.008712919631806981
2024-08-12,76.52999877929688,78.43000030517578,76.29000091552734,77.02999877929688,75.15667724609375,13123000,SBUX,0.025835697643086908
2024-08-13,91.0199966430664,96.01000213623047,90.29000091552734,95.9000015258789,93.5677719116211,157215500,SBUX,0.2449695319436207
2024-08-14,95.38999938964844,95.86000061035156,91.43000030517578,93.9000015258789,91.61640930175781,45737800,SBUX,-0.020855057019579903
2024-08-15,94.12000274658203,94.95999908447266,92.9800033569336,94.87999725341797,92.57256317138672,21109800,SBUX,0.01043658904807332
2024-08-16,93.36000061035156,95.6500015258789,93.30000305175781,94.80999755859375,93.06336212158203,16336300,SBUX,-0.0007377708352716006
2024-08-19,94.3499984741211,94.88999938964844,92.12999725341797,92.30000305175781,90.599609375,14479000,SBUX,-0.026473943375905362
2024-08-20,92.29000091552734,93.81999969482422,92.12999725341797,93.01000213623047,91.29652404785156,11536200,SBUX,0.007692297518934188
2024-08-21,92.48999786376953,93.37999725341797,92.22000122070312,92.77999877929688,91.07076263427734,6769200,SBUX,-0.0024728884168468968
2024-08-22,92.66999816894531,92.83000183105469,91.7699966430664,92.43000030517578,90.72720336914062,10010300,SBUX,-0.0037723483372064104
2024-08-23,92.8499984741211,94.41999816894531,92.83000183105469,94.0199966430664,92.28791809082031,11483700,SBUX,0.01720216739847391
2024-08-26,94.19999694824219,95.93000030517578,94.18000030517578,95.62999725341797,93.86825561523438,13882800,SBUX,0.01712402326989748
2024-08-27,95.4000015258789,98.72000122070312,95.25,98.5999984741211,96.7835464477539,17456300,SBUX,0.031057213280396345
2024-08-28,98.22000122070312,98.70999908447266,94.37999725341797,95.30000305175781,93.54434204101562,14866300,SBUX,-0.03346851392933248
2024-08-29,95.47000122070312,95.83000183105469,94.27999877929688,94.86000061035156,93.11244201660156,8781300,SBUX,-0.0046170244209465805
2024-08-30,94.98999786376953,95.93000030517578,94.44000244140625,94.56999969482422,92.82778930664062,7117200,SBUX,-0.0030571464649105096
2024-01-02,433.9100036621094,435.2699890136719,432.3599853515625,434.010009765625,426.8968505859375,9076000,VOO,
2024-01-03,432.32000732421875,433.0,430.25,430.7900085449219,423.7296142578125,4805000,VOO,-0.0074191865354488185
2024-01-04,430.3299865722656,432.7799987792969,429.2099914550781,429.42999267578125,422.3919372558594,3945300,VOO,-0.003157027419773195
2024-01-05,429.5899963378906,432.29998779296875,428.6400146484375,429.9800109863281,422.9329528808594,5723100,VOO,0.0012808101900840807
2024-01-08,430.45001220703125,436.2699890136719,430.3699951171875,436.1300048828125,428.9821472167969,7222400,VOO,0.014302976276448165
2024-01-09,433.6199951171875,436.42999267578125,433.1600036621094,435.07000732421875,427.9394836425781,7939600,VOO,-0.0024304623546334003
2024-01-10,435.7699890136719,438.739990234375,435.4800109863281,437.94000244140625,430.7624816894531,4278800,VOO,0.006596628287108608
2024-01-11,438.94000244140625,439.3599853515625,434.0,437.7900085449219,430.6148986816406,4796600,VOO,-0.0003424987341832386
2024-01-12,439.1099853515625,439.79998779296875,436.7300109863281,437.989990234375,430.8116149902344,5180800,VOO,0.0004567982035903473
2024-01-16,436.7900085449219,437.9800109863281,434.739990234375,436.5,429.3460388183594,5730800,VOO,-0.0034018819324562743
2024-01-17,433.6000061035156,434.4800109863281,431.80999755859375,434.07000732421875,426.95587158203125,6044600,VOO,-0.005566993529853903
2024-01-18,435.5799865722656,438.3900146484375,434.1600036621094,437.92999267578125,430.7526550292969,4331300,VOO,0.00889254103354653
2024-01-19,439.0,443.6099853515625,438.30999755859375,443.2900085449219,436.0247802734375,4832700,VOO,0.012239435432112256
2024-01-22,444.7699890136719,445.9200134277344,443.67999267578125,444.29998779296875,437.0181884765625,5870400,VOO,0.0022783713338410116
2024-01-23,444.8299865722656,445.82000732421875,443.7799987792969,445.6199951171875,438.31658935546875,3251600,VOO,0.002970982130285016
2024-01-24,448.32000732421875,449.19000244140625,445.75,445.989990234375,438.6805114746094,4568200,VOO,0.0008302928980783442
2024-01-25,448.1400146484375,448.760009765625,446.1099853515625,448.5,441.1493835449219,4167100,VOO,0.005627950897072687
2024-01-26,448.1000061035156,449.510009765625,447.1600036621094,448.2300109863281,440.8837890625,6404000,VOO,-0.0006019821932483627
2024-01-29,448.2300109863281,451.6099853515625,447.7099914550781,451.489990234375,444.09033203125,4543300,VOO,0.007273005305631575
2024-01-30,450.8399963378906,451.80999755859375,450.44000244140625,451.1700134277344,443.775634765625,3410000,VOO,-0.0007087129583416285
2024-01-31,449.0400085449219,449.4700012207031,443.75,443.82000732421875,436.54608154296875,7108000,VOO,-0.016290989837011605
2024-02-01,445.3500061035156,449.6600036621094,444.6499938964844,449.6600036621094,442.2904052734375,6138400,VOO,0.013158479206694329
2024-02-02,450.010009765625,455.8800048828125,449.69000244140625,454.2799987792969,446.8346252441406,6251600,VOO,0.01027441862643208
2024-02-05,453.7300109863281,454.1499938964844,450.5400085449219,452.6199951171875,445.20184326171875,7101900,VOO,-0.0036541420854319107
2024-02-06,453.5799865722656,454.2900085449219,452.2099914550781,454.0299987792969,446.5887756347656,4383600,VOO,0.003115204094649604
2024-02-07,456.1499938964844,458.17999267578125,455.2699890136719,457.760009765625,450.2575988769531,6763400,VOO,0.008215340387984549
2024-02-08,457.80999755859375,458.3299865722656,457.0299987792969,458.07000732421875,450.56256103515625,4184600,VOO,0.0006772054176433784
2024-02-09,458.5400085449219,461.0299987792969,458.1700134277344,460.6700134277344,453.11993408203125,4002600,VOO,0.005676001619716153
2024-02-12,460.6099853515625,462.739990234375,459.75,460.4599914550781,452.9133605957031,4564200,VOO,-0.0004559054562581766
2024-02-13,454.4800109863281,455.70001220703125,451.0,453.9700012207031,446.52972412109375,8152200,VOO,-0.014094580104269783
2024-02-14,456.5799865722656,458.6700134277344,454.3999938964844,458.2900085449219,450.7789001464844,5624000,VOO,0.009516063424020116
2024-02-15,458.8999938964844,461.5400085449219,458.42999267578125,461.3900146484375,453.828125,5695700,VOO,0.006764289087074271
2024-02-16,461.0799865722656,462.1499938964844,458.3999938964844,459.0299987792969,451.50677490234375,5526200,VOO,-0.005115012883273762
2024-02-20,457.44000244140625,458.05999755859375,454.42999267578125,456.510009765625,449.02813720703125,5306800,VOO,-0.0054898133463462395
2024-02-21,455.32000732421875,457.1199951171875,453.6000061035156,456.9700012207031,449.4805603027344,4223100,VOO,0.0010076262190050755
2024-02-22,463.2200012207031,467.3299865722656,462.32000732421875,466.57000732421875,458.9232177734375,4328500,VOO,0.02100795692905688
2024-02-23,468.0899963378906,468.8699951171875,466.0899963378906,466.7799987792969,459.1297607421875,4050600,VOO,0.0004500749121925107
2024-02-26,467.19000244140625,467.5899963378906,464.94000244140625,465.07000732421875,457.44781494140625,3450800,VOO,-0.0036633777358713315
2024-02-27,465.7099914550781,466.1199951171875,463.9100036621094,465.92999267578125,458.2937316894531,3586900,VOO,0.0018491524674111304
2024-02-28,464.489990234375,465.8299865722656,464.1099853515625,465.2099914550781,457.5854797363281,2800600,VOO,-0.0015452991479862899
2024-02-29,466.9700012207031,468.489990234375,464.4700012207031,466.92999267578125,459.27734375,7332900,VOO,0.003697257695010725
2024-03-01,467.8299865722656,471.7699890136719,467.42999267578125,471.42999267578125,463.70355224609375,4833700,VOO,0.009637419036229389
2024-03-04,470.6099853515625,472.6000061035156,470.6000061035156,470.8699951171875,463.1527404785156,3970200,VOO,-0.001187870027987148
2024-03-05,468.95001220703125,469.3800048828125,464.05999755859375,466.1499938964844,458.5101013183594,4616500,VOO,-0.010024000827507429
2024-03-06,469.25,470.6600036621094,467.32000732421875,468.6199951171875,460.93963623046875,5325100,VOO,0.005298726274898691
2024-03-07,471.6300048828125,474.19000244140625,470.7799987792969,473.260009765625,465.5035705566406,7149800,VOO,0.009901444020281591
2024-03-08,473.7699890136719,476.29998779296875,469.82000732421875,470.3900146484375,462.68060302734375,6281900,VOO,-0.006064309381662802
2024-03-11,469.20001220703125,470.4599914550781,467.3900146484375,470.0,462.2970275878906,5323900,VOO,-0.0008291303732903543
2024-03-12,471.9200134277344,475.54998779296875,469.57000732421875,475.0299987792969,467.24456787109375,4811000,VOO,0.010702125062333812
2024-03-13,475.30999755859375,475.4700012207031,472.8999938964844,474.30999755859375,466.536376953125,3544500,VOO,-0.001515696319292159
2024-03-14,475.1600036621094,475.3299865722656,470.45001220703125,473.2699890136719,465.5133972167969,5153000,VOO,-0.0021926768364046723
2024-03-15,470.4100036621094,471.7799987792969,468.7200012207031,470.010009765625,462.306884765625,6802400,VOO,-0.006888201922207071
2024-03-18,473.95001220703125,475.2799987792969,472.5,472.95001220703125,465.19866943359375,3939100,VOO,0.0062551911242747504
2024-03-19,472.20001220703125,475.739990234375,471.2900085449219,475.6000061035156,467.80523681640625,4550200,VOO,0.005603116245030071
2024-03-20,475.5400085449219,480.0199890136719,474.92999267578125,479.75,471.88720703125,6179400,VOO,0.008725807071543912
2024-03-21,482.6199951171875,483.239990234375,481.2099914550781,481.3500061035156,473.4609680175781,5044700,VOO,0.0033350830714238278
2024-03-22,479.8699951171875,480.32000732421875,478.82000732421875,479.17999267578125,472.84222412109375,5876800,VOO,-0.00450818198861247
2024-03-25,477.7300109863281,478.7900085449219,477.54998779296875,477.94000244140625,471.61865234375,6081300,VOO,-0.0025877337395719957
2024-03-26,479.05999755859375,479.3699951171875,476.42999267578125,476.6000061035156,470.29638671875,8073500,VOO,-0.002803691532505481
2024-03-27,479.510009765625,480.8699951171875,477.45001220703125,480.760009765625,474.4013671875,4951400,VOO,0.008728501067635008
2024-03-28,480.8699951171875,482.1600036621094,480.5,480.70001220703125,474.34222412109375,4065000,VOO,-0.00012479731544856598
2024-04-01,481.44000244140625,481.9599914550781,478.8299865722656,480.07000732421875,473.72052001953125,5734000,VOO,-0.0013105988492073672
2024-04-02,476.3299865722656,476.989990234375,474.7099914550781,476.92999267578125,470.62200927734375,4817800,VOO,-0.006540743226053802
2024-04-03,475.8399963378906,478.79998779296875,475.7900085449219,477.3599853515625,471.04632568359375,6224800,VOO,0.0009015844723223587
2024-04-04,481.20001220703125,481.4800109863281,471.2699890136719,471.4800109863281,465.2441101074219,6871200,VOO,-0.012317694288732528
2024-04-05,472.8500061035156,478.3299865722656,472.4200134277344,476.489990234375,470.1878356933594,5582200,VOO,0.010626069252789971
2024-04-08,477.1499938964844,478.07000732421875,475.9700012207031,476.67999267578125,470.3753356933594,4736800,VOO,0.0003987543186643183
2024-04-09,478.3800048828125,478.6000061035156,472.739990234375,477.2699890136719,470.9575500488281,5254200,VOO,0.001237719952496441
2024-04-10,471.9100036621094,474.3900146484375,470.6700134277344,472.6499938964844,466.3986511230469,6933400,VOO,-0.009680045306714513
2024-04-11,473.9800109863281,477.42999267578125,470.6700134277344,476.05999755859375,469.7635192871094,5109900,VOO,0.007214648695957004
2024-04-12,472.7699890136719,474.04998779296875,467.9100036621094,469.57000732421875,463.359375,6954300,VOO,-0.013632714925971512
2024-04-15,473.4700012207031,473.5899963378906,462.8500061035156,463.6099853515625,457.4781799316406,9530000,VOO,-0.012692509912672345
2024-04-16,464.04998779296875,465.510009765625,461.5899963378906,462.7799987792969,456.6591796875,6761400,VOO,-0.0017902689728225285
2024-04-17,465.1099853515625,465.239990234375,458.7300109863281,459.989990234375,453.90606689453125,7156200,VOO,-0.006028801055104505
2024-04-18,461.3599853515625,463.29998779296875,458.2099914550781,458.94000244140625,452.8699645996094,5637300,VOO,-0.002282631829518156
2024-04-19,458.989990234375,459.94000244140625,453.8999938964844,455.1000061035156,449.08074951171875,9766100,VOO,-0.008367098787342875
2024-04-22,457.54998779296875,461.7300109863281,455.3500061035156,459.04998779296875,452.9784851074219,5818100,VOO,0.008679370767915806
2024-04-23,461.17999267578125,465.1300048828125,460.6700134277344,464.8399963378906,458.69195556640625,4257400,VOO,0.012613024069032752
2024-04-24,465.57000732421875,466.30999755859375,462.44000244140625,464.5,458.3564147949219,7687800,VOO,-0.0007314265996238856
2024-04-25,458.7699890136719,463.4599914550781,457.260009765625,462.5799865722656,456.46185302734375,4876200,VOO,-0.004133505764767231
2024-04-26,465.3299865722656,468.6300048828125,464.80999755859375,467.2099914550781,461.0306091308594,4907100,VOO,0.010009090356720707
2024-04-29,468.8399963378906,469.4200134277344,466.2099914550781,468.8399963378906,462.6390075683594,3253200,VOO,0.0034888057032684827
2024-04-30,467.4200134277344,468.3399963378906,461.3599853515625,461.42999267578125,455.3270263671875,4364800,VOO,-0.015804973381087217
2024-05-01,460.7699890136719,467.07000732421875,459.44000244140625,459.92999267578125,453.84686279296875,6115400,VOO,-0.00325076398112234
2024-05-02,463.3599853515625,464.95001220703125,459.1600036621094,464.2200012207031,458.08013916015625,3972400,VOO,0.009327525086945121
2024-05-03,469.760009765625,471.0,467.44000244140625,469.9800109863281,463.7639465332031,4586900,VOO,0.012407931046655829
2024-05-06,472.2200012207031,474.80999755859375,471.82000732421875,474.7200012207031,468.4412841796875,4782500,VOO,0.010085514540134177
2024-05-07,475.70001220703125,476.6400146484375,474.7099914550781,475.3999938964844,469.1122741699219,3451300,VOO,0.0014324078910361582
2024-05-08,473.5899963378906,475.8599853515625,473.5,475.4200134277344,469.1319885253906,3214900,VOO,4.211092029238195e-05
2024-05-09,475.5899963378906,478.1499938964844,474.94000244140625,478.1499938964844,471.82586669921875,3486000,VOO,0.005742249782601849
2024-05-10,479.69000244140625,480.3900146484375,477.5899963378906,478.739990234375,472.4080810546875,3347200,VOO,0.001233914766123334
2024-05-13,480.3500061035156,480.4200134277344,477.7300109863281,478.7699890136719,472.4376525878906,3108400,VOO,6.26619457508859e-05
2024-05-14,478.9800109863281,481.4700012207031,478.4800109863281,481.0400085449219,474.67767333984375,3257700,VOO,0.004741357193099205
2024-05-15,483.3399963378906,487.2300109863281,482.739990234375,486.8999938964844,480.4601745605469,4399500,VOO,0.01218190846388878
2024-05-16,487.04998779296875,488.57000732421875,485.8299865722656,485.9700012207031,479.5424499511719,3347400,VOO,-0.0019100281113968443
2024-05-17,486.0899963378906,486.7300109863281,484.70001220703125,486.69000244140625,480.2529296875,3274000,VOO,0.0014815754447694562
2024-05-20,486.7799987792969,488.6099853515625,486.45001220703125,487.1700134277344,480.7265930175781,2599600,VOO,0.000986276652325424
2024-05-21,486.5299987792969,488.5799865722656,486.3500061035156,488.4800109863281,482.0193176269531,2453600,VOO,0.002688994647631615
2024-05-22,487.7900085449219,488.42999267578125,484.94000244140625,487.05999755859375,480.6180419921875,3250600,VOO,-0.002907004167616023
2024-05-23,489.9100036621094,489.989990234375,482.2900085449219,483.44000244140625,477.0459289550781,3811300,VOO,-0.007432339209405114
2024-05-24,485.17999267578125,487.3999938964844,484.3299865722656,486.7300109863281,480.29241943359375,2551400,VOO,0.006805412312400838
2024-05-28,487.3999938964844,487.6499938964844,484.5299987792969,487.1199951171875,480.67724609375,4034700,VOO,0.0008012329670592511
2024-05-29,483.19000244140625,484.67999267578125,482.9599914550781,483.69000244140625,477.2926025390625,5605000,VOO,-0.007041371140915853
2024-05-30,482.1199951171875,482.75,479.20001220703125,480.44000244140625,474.08563232421875,3393600,VOO,-0.006719179605937153
2024-05-31,481.239990234375,484.9100036621094,476.4800109863281,484.6199951171875,478.2102966308594,5334000,VOO,0.008700342716135623
2024-06-03,486.29998779296875,486.4100036621094,480.3999938964844,485.1499938964844,478.7332763671875,4211300,VOO,0.0010936378701600358
2024-06-04,484.0,486.4100036621094,482.55999755859375,485.739990234375,479.3155212402344,2560300,VOO,0.0012161111930601987
2024-06-05,487.8699951171875,491.54998779296875,486.05999755859375,491.54998779296875,485.04864501953125,3026100,VOO,0.011961126683825984
2024-06-06,491.8399963378906,492.17999267578125,489.6400146484375,491.44000244140625,484.94012451171875,21344000,VOO,-0.000223752119405618
2024-06-07,490.54998779296875,493.5299987792969,489.5400085449219,490.79998779296875,484.30859375,3063600,VOO,-0.001302325096162238
2024-06-10,490.1700134277344,492.69000244140625,489.55999755859375,492.4100036621094,485.89727783203125,3465200,VOO,0.0032803910130083658
2024-06-11,490.989990234375,493.6600036621094,489.1099853515625,493.5299987792969,487.00250244140625,4028400,VOO,0.0022745173917222417
2024-06-12,497.92999267578125,500.1499938964844,496.7099914550781,497.6400146484375,491.05810546875,3698800,VOO,0.008327793405277006
2024-06-13,499.29998779296875,499.45001220703125,496.05999755859375,498.5799865722656,491.98565673828125,8808900,VOO,0.0018888592077792588
2024-06-14,497.260009765625,499.0400085449219,496.2900085449219,498.9800109863281,492.38037109375,5812000,VOO,0.0008023274596573593
2024-06-17,498.4800109863281,504.17999267578125,497.9100036621094,502.94000244140625,496.28802490234375,4609500,VOO,0.007936172527734042
2024-06-18,503.04998779296875,504.3599853515625,502.6300048828125,504.2799987792969,497.6102600097656,3431700,VOO,0.002664326423402308
2024-06-20,505.1400146484375,505.739990234375,501.19000244140625,502.8800048828125,496.2287902832031,4810900,VOO,-0.0027762233280584914
2024-06-21,502.1000061035156,503.2200012207031,500.8500061035156,501.7799987792969,495.1433410644531,4347800,VOO,-0.0021874126885835787
2024-06-24,502.0299987792969,504.44000244140625,500.42999267578125,500.42999267578125,493.81121826171875,7022800,VOO,-0.002690434267607067
2024-06-25,501.7099914550781,502.8299865722656,500.32000732421875,502.510009765625,495.86370849609375,6336700,VOO,0.004156459685243918
2024-06-26,501.4700012207031,503.7699890136719,500.8900146484375,503.07000732421875,496.4162902832031,3202700,VOO,0.0011144008033887598
2024-06-27,503.0,504.4800109863281,502.32000732421875,503.8500061035156,497.18597412109375,3619700,VOO,0.0015504776033967715
2024-06-28,502.9700012207031,505.7300109863281,499.010009765625,500.1300048828125,495.268798828125,5598600,VOO,-0.007383152080261857
2024-07-01,501.489990234375,501.67999267578125,498.6000061035156,501.2799987792969,496.4076232910156,4368500,VOO,0.002299389929132145
2024-07-02,499.69000244140625,504.6099853515625,499.6099853515625,504.5299987792969,499.6260070800781,4210100,VOO,0.006483402505414793
2024-07-03,504.2200012207031,507.1400146484375,504.2200012207031,506.80999755859375,501.8838806152344,2131100,VOO,0.004519054931943156
2024-07-05,507.1300048828125,510.1000061035156,506.489990234375,509.8399963378906,504.8844299316406,3156900,VOO,0.0059785694715830395
2024-07-08,510.5,511.2099914550781,509.32000732421875,510.3299865722656,505.3696594238281,3143400,VOO,0.0009610666834585224
2024-07-09,511.2099914550781,512.010009765625,510.5400085449219,510.8900146484375,505.9242248535156,3140600,VOO,0.0010973842237518294
2024-07-10,511.9800109863281,516.1799926757812,511.69000244140625,515.8099975585938,510.79644775390625,3446900,VOO,0.009630219360505343
2024-07-11,516.0,516.7899780273438,510.8299865722656,511.3900146484375,506.41937255859375,5537800,VOO,-0.008569013650523871
2024-07-12,512.489990234375,518.030029296875,512.1699829101562,514.5499877929688,509.54864501953125,5238200,VOO,0.006179184289907713
2024-07-15,516.5800170898438,519.1199951171875,514.3400268554688,516.1099853515625,511.0934753417969,7771500,VOO,0.0030317706648579357
2024-07-16,517.3300170898438,519.4000244140625,516.5999755859375,519.0399780273438,513.9949340820312,4164300,VOO,0.005677070312416932
2024-07-17,513.5599975585938,515.1099853515625,511.55999755859375,511.7900085449219,506.8154602050781,4984300,VOO,-0.013968036739628431
2024-07-18,513.25,514.1900024414062,505.8699951171875,507.94000244140625,503.00286865234375,5055900,VOO,-0.0075226284984766245
2024-07-19,507.6400146484375,509.20001220703125,503.55999755859375,504.54998779296875,499.64581298828125,4039400,VOO,-0.006674045422970121
2024-07-22,508.2699890136719,510.32000732421875,506.44000244140625,509.7900085449219,504.83489990234375,4342900,VOO,0.010385533403487468
2024-07-23,509.6600036621094,511.6499938964844,508.489990234375,508.94000244140625,503.9931335449219,3116000,VOO,-0.0016673651685362723
2024-07-24,504.42999267578125,504.70001220703125,496.54998779296875,497.2900085449219,492.4563903808594,6157400,VOO,-0.022890701930677215
2024-07-25,497.54998779296875,503.1400146484375,493.9200134277344,494.7799987792969,489.9708251953125,5646600,VOO,-0.005047376224125877
2024-07-26,498.3599853515625,502.8900146484375,497.6700134277344,500.3299865722656,495.46685791015625,3636000,VOO,0.011217081948869057
2024-07-29,501.82000732421875,502.7699890136719,498.7699890136719,500.70001220703125,495.833251953125,3096200,VOO,0.0007395631776951905
2024-07-30,502.04998779296875,503.010009765625,494.9200134277344,498.0799865722656,493.23870849609375,3817800,VOO,-0.005232725326322352
2024-07-31,504.4800109863281,508.6499938964844,503.30999755859375,505.92999267578125,501.0124206542969,5367600,VOO,0.015760533077304517
2024-08-01,507.8399963378906,509.8999938964844,495.75,499.0299987792969,494.17950439453125,6939200,VOO,-0.01363823848432355
2024-08-02,492.4100036621094,493.5199890136719,485.79998779296875,489.9100036621094,485.14813232421875,8561200,VOO,-0.01827544464159747
2024-08-05,470.1700134277344,481.17999267578125,468.8900146484375,475.20001220703125,470.58111572265625,15244300,VOO,-0.030025905462472635
2024-08-06,477.3900146484375,486.8599853515625,475.94000244140625,479.94000244140625,475.2750549316406,8255000,VOO,0.009974726667957068
2024-08-07,485.70001220703125,488.54998779296875,476.1099853515625,476.6099853515625,471.9773864746094,5976400,VOO,-0.0069384028689092325
2024-08-08,481.489990234375,488.2699890136719,479.6400146484375,487.7300109863281,482.98931884765625,4177200,VOO,0.02333149949966562
2024-08-09,486.92999267578125,491.2099914550781,485.82000732421875,489.82000732421875,485.0589904785156,7661300,VOO,0.004285150166716267
2024-08-12,490.94000244140625,492.3500061035156,487.9800109863281,490.07000732421875,485.30657958984375,3578100,VOO,0.0005103915647826085
2024-08-13,493.1400146484375,498.3800048828125,492.9200134277344,498.2099914550781,493.367431640625,3247900,VOO,0.016609839429480022
2024-08-14,498.9200134277344,500.8500061035156,496.4800109863281,499.79998779296875,494.9420166015625,3700500,VOO,0.0031914180067864617
2024-08-15,505.0899963378906,508.5899963378906,504.489990234375,508.3800048828125,503.4386291503906,4279000,VOO,0.017166901359344955
2024-08-16,506.8399963378906,510.1099853515625,506.6499938964844,509.45001220703125,504.49822998046875,3449300,VOO,0.002104739198909744
2024-08-19,509.8599853515625,514.3499755859375,509.05999755859375,514.3499755859375,509.3505859375,3804300,VOO,0.009618143608788543
2024-08-20,513.9199829101562,515.47998046875,512.25,513.5,508.50885009765625,3156000,VOO,-0.0016525238189605274
2024-08-21,514.469970703125,516.6599731445312,512.8499755859375,515.2999877929688,510.2913818359375,3344100,VOO,0.003505331631876718
2024-08-22,517.0499877929688,517.6300048828125,510.1000061035156,511.1300048828125,506.1618957519531,3677100,VOO,-0.00809234040159068
2024-08-23,514.3300170898438,517.5499877929688,512.25,516.6599731445312,511.63812255859375,5102800,VOO,0.010819103180973677
2024-08-26,517.6400146484375,518.2899780273438,513.8800048828125,515.3900146484375,510.3804931640625,3398600,VOO,-0.002458016030087329
2024-08-27,514.260009765625,516.5900268554688,513.1599731445312,516.0800170898438,511.06378173828125,3031800,VOO,0.0013387966817264285
2024-08-28,515.7999877929688,516.22998046875,510.1600036621094,513.1300048828125,508.1424560546875,3940400,VOO,-0.005716191500043433
2024-08-29,514.989990234375,518.0900268554688,512.1300048828125,513.2100219726562,508.2216796875,3487100,VOO,0.000155939214394607
2024-08-30,515.4199829101562,518.5800170898438,512.1199951171875,518.0399780273438,513.0046997070312,5637700,VOO,0.00941126604683662
2024-01-02,129.72999572753906,130.6999969482422,128.9499969482422,129.02999877929688,125.30264282226562,1485300,YUM,
2024-01-03,130.05999755859375,130.5399932861328,128.94000244140625,129.10000610351562,125.37063598632812,1483600,YUM,0.0005425662627378536
2024-01-04,128.39999389648438,129.6199951171875,127.79000091552734,128.69000244140625,124.97247314453125,3019000,YUM,-0.003175860904147676
2024-01-05,128.85000610351562,129.10000610351562,127.44000244140625,128.33999633789062,124.6325912475586,1408800,YUM,-0.002719761417946831
2024-01-08,128.2100067138672,128.77999877929688,127.18000030517578,128.63999938964844,124.92391204833984,1204100,YUM,0.0023375647523626863
2024-01-09,127.86000061035156,128.3000030517578,127.26000213623047,128.22000122070312,124.51605224609375,968400,YUM,-0.0032649111546801945
2024-01-10,128.0,129.57000732421875,127.0,129.1999969482422,125.46774291992188,1208700,YUM,0.007643080004750669
2024-01-11,128.38999938964844,129.0399932861328,127.58999633789062,129.0,125.27352142333984,1271600,YUM,-0.0015479640322461075
2024-01-12,129.47999572753906,129.47999572753906,128.32000732421875,129.1300048828125,125.39976501464844,1080800,YUM,0.0010077897892442067
2024-01-16,128.69000244140625,130.10000610351562,128.14999389648438,129.80999755859375,126.06011199951172,1635900,YUM,0.005265954077817492
2024-01-17,128.8800048828125,130.02000427246094,128.75,129.0800018310547,125.35120391845703,1314900,YUM,-0.005623570921103771
2024-01-18,129.50999450683594,130.88999938964844,129.0,130.4600067138672,126.69133758544922,1896500,YUM,0.010691081989746998
2024-01-19,130.8300018310547,132.57000732421875,130.10000610351562,132.3000030517578,128.4781951904297,1927800,YUM,0.014103911108376721
2024-01-22,132.5399932861328,132.63999938964844,131.0399932861328,131.05999755859375,127.27401733398438,1543400,YUM,-0.00937267924838181
2024-01-23,131.1199951171875,131.99000549316406,131.1199951171875,131.75,127.94407653808594,1059700,YUM,0.005264782956353686
2024-01-24,131.75,131.75999450683594,129.19000244140625,129.44000244140625,125.70081329345703,1790100,YUM,-0.017533188300521863
2024-01-25,129.8300018310547,130.30999755859375,128.5399932861328,130.22000122070312,126.45829010009766,1871700,YUM,0.0060259484285003495
2024-01-26,129.9199981689453,130.69000244140625,128.6699981689453,129.08999633789062,125.36091613769531,1157000,YUM,-0.008677659900319878
2024-01-29,129.10000610351562,130.5500030517578,128.2899932861328,130.5500030517578,126.77873229980469,1482100,YUM,0.011309991132431696
2024-01-30,130.36000061035156,131.22000122070312,129.5800018310547,130.6199951171875,126.84671020507812,1421500,YUM,0.0005361322389394463
2024-01-31,131.4499969482422,131.97999572753906,129.25999450683594,129.49000549316406,125.7493667602539,2154200,YUM,-0.008650969731009761
2024-02-01,129.30999755859375,130.47999572753906,128.00999450683594,130.4499969482422,126.68163299560547,1440700,YUM,0.007413633596060176
2024-02-02,129.63999938964844,130.0399932861328,127.69000244140625,128.75,125.03074645996094,1823800,YUM,-0.013031789865941334
2024-02-05,128.02000427246094,128.02000427246094,125.73999786376953,126.33000183105469,122.68065643310547,2614600,YUM,-0.01879610228307038
2024-02-06,126.0,128.1699981689453,125.75,127.2699966430664,123.59349060058594,2899100,YUM,0.007440788398537457
2024-02-07,128.1300048828125,132.64999389648438,128.1300048828125,129.63999938964844,125.89503479003906,3539100,YUM,0.01862184968252012
2024-02-08,129.6300048828125,130.69000244140625,128.69000244140625,130.39999389648438,126.63306427001953,2161400,YUM,0.0058623458069579915
2024-02-09,130.41000366210938,130.41000366210938,129.32000732421875,130.27000427246094,126.50684356689453,1951300,YUM,-0.0009968529916237756
2024-02-12,130.27999877929688,131.9600067138672,130.27999877929688,131.36000061035156,127.56535339355469,1849000,YUM,0.00836720889032061
2024-02-13,130.5,131.2100067138672,129.7899932861328,131.2100067138672,127.41969299316406,1765700,YUM,-0.0011418536524622214
2024-02-14,131.60000610351562,134.25,131.42999267578125,134.00999450683594,130.13877868652344,2803100,YUM,0.02133974277643902
2024-02-15,134.0,135.61000061035156,133.8699951171875,135.39999389648438,131.48863220214844,3128200,YUM,0.010372356142269279
2024-02-16,135.22999572753906,135.85000610351562,134.39999389648438,134.5500030517578,130.66319274902344,2565900,YUM,-0.006277628382881595
2024-02-20,133.7899932861328,134.66000366210938,133.08999633789062,133.9499969482422,130.73150634765625,2270600,YUM,-0.004459354068426236
2024-02-21,134.02000427246094,135.3000030517578,133.22000122070312,135.22999572753906,131.9807586669922,2328200,YUM,0.009555795509211373
2024-02-22,135.4199981689453,137.72000122070312,134.97000122070312,137.3300018310547,134.03028869628906,2328100,YUM,0.015529144197761413
2024-02-23,137.5800018310547,138.6699981689453,137.10000610351562,138.32000732421875,134.99652099609375,1592200,YUM,0.0072089527413097265
2024-02-26,138.4199981689453,138.47000122070312,137.58999633789062,138.05999755859375,134.7427520751953,1769800,YUM,-0.0018797697502686006
2024-02-27,138.05999755859375,138.1699981689453,136.63999938964844,137.0399932861328,133.7472381591797,1827100,YUM,-0.0073881232109108685
2024-02-28,136.85000610351562,138.77000427246094,136.4600067138672,138.60000610351562,135.26979064941406,1417500,YUM,0.011383631741177735
2024-02-29,138.80999755859375,139.64999389648438,137.9499969482422,138.4199981689453,135.09410095214844,2257700,YUM,-0.001298758489490015
2024-03-01,137.4600067138672,137.75,136.2100067138672,137.4199981689453,134.1181182861328,1704800,YUM,-0.007224389634649997
2024-03-04,137.10000610351562,138.63999938964844,136.69000244140625,138.5500030517578,135.2209930419922,2421400,YUM,0.008223001730965462
2024-03-05,138.75,139.0,137.82000732421875,138.6999969482422,135.36737060546875,2283400,YUM,0.0010825975689683354
2024-03-06,139.0500030517578,139.8300018310547,138.7899932861328,139.5500030517578,136.19696044921875,1772600,YUM,0.006128378674967294
2024-03-07,140.0,141.63999938964844,139.6699981689453,140.3800048828125,137.00701904296875,1939800,YUM,0.005947701991427801
2024-03-08,140.02000427246094,140.8800048828125,139.16000366210938,139.55999755859375,136.20672607421875,1365000,YUM,-0.005841339903808085
2024-03-11,139.4600067138672,140.41000366210938,138.74000549316406,140.0800018310547,136.71421813964844,1711300,YUM,0.003726026666363458
2024-03-12,140.0500030517578,141.52000427246094,139.8300018310547,140.74000549316406,137.35838317871094,1464800,YUM,0.004711619456611471
2024-03-13,141.0,141.19000244140625,138.1300048828125,138.36000061035156,135.03553771972656,3361400,YUM,-0.01691064935284592
2024-03-14,138.0500030517578,138.44000244140625,136.27999877929688,137.16000366210938,133.86439514160156,3091900,YUM,-0.008673004791475925
2024-03-15,136.47000122070312,137.52999877929688,136.08999633789062,136.83999633789062,133.55206298828125,4164800,YUM,-0.0023330950399147454
2024-03-18,136.41000366210938,137.38999938964844,136.22999572753906,136.27000427246094,132.9957733154297,2384500,YUM,-0.004165390826394333
2024-03-19,136.42999267578125,137.4199981689453,135.89999389648438,137.2899932861328,133.9912567138672,2266500,YUM,0.007485058939548317
2024-03-20,137.3800048828125,137.44000244140625,135.77999877929688,136.50999450683594,133.22998046875,1699600,YUM,-0.005681395713023618
2024-03-21,136.1999969482422,137.13999938964844,135.17999267578125,136.57000732421875,133.28855895996094,1506100,YUM,0.0004396221507414477
2024-03-22,136.61000061035156,136.72000122070312,135.64999389648438,136.22999572753906,132.95672607421875,1296400,YUM,-0.0024896505707325822
2024-03-25,136.05999755859375,136.1699981689453,134.4199981689453,134.6199951171875,131.3854217529297,2486600,YUM,-0.011818253401193468
2024-03-26,135.08999633789062,135.38999938964844,134.58999633789062,134.8000030517578,131.5610809326172,1470400,YUM,0.0013371560028183627
2024-03-27,135.77000427246094,137.3300018310547,135.58999633789062,137.32000732421875,134.0205535888672,1634700,YUM,0.01869439328939304
2024-03-28,137.38999938964844,138.8300018310547,137.38999938964844,138.64999389648438,135.31857299804688,1770900,YUM,0.009685308049288688
2024-04-01,138.5500030517578,140.72999572753906,138.4199981689453,140.47000122070312,137.09486389160156,2227600,YUM,0.01312663111674972
2024-04-02,140.50999450683594,141.4199981689453,139.3300018310547,140.7100067138672,137.32908630371094,1987400,YUM,0.0017085889590544578
2024-04-03,140.8000030517578,140.8000030517578,138.75999450683594,139.00999450683594,135.669921875,1543800,YUM,-0.01208167241785596
2024-04-04,139.97999572753906,139.97999572753906,135.86000061035156,136.27999877929688,133.00552368164062,2640400,YUM,-0.019638844942223344
2024-04-05,136.3300018310547,136.8699951171875,135.13999938964844,136.10000610351562,132.82986450195312,1735600,YUM,-0.001320756364789455
2024-04-08,135.88999938964844,136.27999877929688,134.5,135.22000122070312,131.97100830078125,1770400,YUM,-0.006465869532314206
2024-04-09,135.05999755859375,137.16000366210938,134.8699951171875,137.02000427246094,133.72775268554688,1395500,YUM,0.013311662738560992
2024-04-10,135.02999877929688,138.14999389648438,134.82000732421875,137.9499969482422,134.63539123535156,1901000,YUM,0.006787276651458729
2024-04-11,138.47000122070312,138.75999450683594,136.97000122070312,138.3300018310547,135.00628662109375,1425000,YUM,0.002754656696042357
2024-04-12,138.41000366210938,138.49000549316406,137.17999267578125,137.8000030517578,134.48899841308594,1950400,YUM,-0.003831408749232712
2024-04-15,138.3699951171875,139.22000122070312,136.89999389648438,137.6699981689453,134.36212158203125,2962700,YUM,-0.0009434316395745546
2024-04-16,137.52999877929688,138.38999938964844,136.7899932861328,138.0,134.6842041015625,1950500,YUM,0.0023970497235694666
2024-04-17,138.55999755859375,138.8800048828125,137.36000061035156,137.8300018310547,134.51828002929688,1516600,YUM,-0.0012318707894587444
2024-04-18,137.85000610351562,138.3300018310547,137.1699981689453,137.8699951171875,134.5572967529297,2178700,YUM,0.00029016386564251206
2024-04-19,138.72999572753906,138.72999572753906,137.8300018310547,138.5,135.17218017578125,1673700,YUM,0.004569557591388884
2024-04-22,138.4499969482422,140.17999267578125,137.7899932861328,139.05999755859375,135.71871948242188,1570500,YUM,0.004043303672156995
2024-04-23,139.5800018310547,140.8800048828125,139.35000610351562,140.10000610351562,136.73374938964844,2140500,YUM,0.007478847714517345
2024-04-24,139.74000549316406,141.82000732421875,139.25999450683594,141.80999755859375,138.40264892578125,1909500,YUM,0.012205505928491345
2024-04-25,141.97999572753906,142.1699981689453,140.38999938964844,141.55999755859375,138.15867614746094,1693100,YUM,-0.001762922250222232
2024-04-26,140.8300018310547,142.7899932861328,140.63999938964844,141.77000427246094,138.36363220214844,2008100,YUM,0.0014835173600526996
2024-04-29,142.0800018310547,143.1999969482422,141.05999755859375,143.19000244140625,139.74949645996094,2221000,YUM,0.010016210243009471
2024-04-30,140.0,142.86000061035156,139.75,141.25,137.85610961914062,4087300,YUM,-0.013548448972197646
2024-05-01,136.5,137.99000549316406,134.5800018310547,135.3300018310547,132.07833862304688,4639900,YUM,-0.0419114914615597
2024-05-02,135.5,136.61000061035156,134.75999450683594,135.07000732421875,131.8246307373047,2425400,YUM,-0.0019211889700593288
2024-05-03,135.8800048828125,135.97999572753906,133.9199981689453,134.33999633789062,131.1121368408203,2452500,YUM,-0.005404686064581443
2024-05-06,134.6199951171875,137.24000549316406,134.1999969482422,136.17999267578125,132.9079132080078,2295500,YUM,0.01369656385327489
2024-05-07,136.5,136.50999450683594,135.72999572753906,135.91000366210938,132.64442443847656,1922600,YUM,-0.001982589427175774
2024-05-08,135.80999755859375,137.32000732421875,135.47999572753906,136.9600067138672,133.669189453125,1891000,YUM,0.007725723077517177
2024-05-09,137.1999969482422,138.33999633789062,136.61000061035156,137.9499969482422,134.63539123535156,2010600,YUM,0.007228316193377937
2024-05-10,138.14999389648438,139.64999389648438,136.3800048828125,137.6199951171875,134.31332397460938,2066200,YUM,-0.002392184402718822
2024-05-13,137.89999389648438,138.27000427246094,136.25999450683594,136.3800048828125,133.1031494140625,1742300,YUM,-0.009010247626582979
2024-05-14,136.52000427246094,138.4499969482422,136.19000244140625,137.49000549316406,134.1864471435547,2180300,YUM,0.00813902750117479
2024-05-15,137.13999938964844,139.13999938964844,137.13999938964844,138.33999633789062,135.01602172851562,1810300,YUM,0.006182200965646256
2024-05-16,140.0,141.9199981689453,139.19000244140625,141.66000366210938,138.2562713623047,2419700,YUM,0.023998897008134623
2024-05-17,141.5,141.7100067138672,140.22000122070312,141.66000366210938,138.2562713623047,1346400,YUM,0.0
2024-05-20,141.52000427246094,141.6199951171875,139.24000549316406,139.6699981689453,136.31405639648438,1227400,YUM,-0.014047758306647173
2024-05-21,140.02000427246094,140.0399932861328,138.5399932861328,139.3000030517578,135.95297241210938,1192000,YUM,-0.0026490665285178183
2024-05-22,139.30999755859375,139.30999755859375,137.9600067138672,139.1300048828125,135.7870635986328,1011200,YUM,-0.0012203744811272177
2024-05-23,139.02999877929688,139.1300048828125,136.32000732421875,137.00999450683594,133.71798706054688,1621400,YUM,-0.01523762166013165
2024-05-24,136.88999938964844,137.97999572753906,136.69000244140625,137.64999389648438,135.00279235839844,1453200,YUM,0.004671187616291039
2024-05-28,137.50999450683594,137.50999450683594,135.75999450683594,135.86000061035156,133.24722290039062,1921600,YUM,-0.013003947442808639
2024-05-29,135.44000244140625,136.3699951171875,134.25,134.6699981689453,132.08010864257812,1462100,YUM,-0.008759034565436141
2024-05-30,135.05999755859375,135.49000549316406,134.36000061035156,134.83999633789062,132.246826171875,1587600,YUM,0.0012623314120199236
2024-05-31,135.16000366210938,137.57000732421875,134.8000030517578,137.42999267578125,134.78701782226562,2282900,YUM,0.019207923525898396
2024-06-03,137.13999938964844,139.33999633789062,136.2100067138672,139.3300018310547,136.6504669189453,1618100,YUM,0.013825287466585623
2024-06-04,139.3800048828125,142.22999572753906,138.97999572753906,141.5399932861328,138.81796264648438,2125200,YUM,0.015861561946707292
2024-06-05,141.60000610351562,141.75,139.8300018310547,140.52999877929688,137.82742309570312,1944000,YUM,-0.007135753530764677
2024-06-06,140.4600067138672,142.14999389648438,139.75,140.8300018310547,138.1216583251953,1528900,YUM,0.002134797227380414
2024-06-07,140.2899932861328,141.66000366210938,139.80999755859375,139.97000122070312,137.27818298339844,1467100,YUM,-0.006106657666476889
2024-06-10,139.8800048828125,140.27000427246094,137.69000244140625,137.80999755859375,135.1597137451172,1717000,YUM,-0.015431904288573328
2024-06-11,137.47999572753906,138.05999755859375,136.61000061035156,137.00999450683594,134.37510681152344,2149700,YUM,-0.005805116217476702
2024-06-12,137.4600067138672,138.58999633789062,136.89999389648438,137.3000030517578,134.65953063964844,1279900,YUM,0.0021166962743539575
2024-06-13,136.66000366210938,138.10000610351562,136.52000427246094,138.00999450683594,135.35586547851562,1554700,YUM,0.005171095697721784
2024-06-14,137.3800048828125,137.8800048828125,136.02999877929688,136.7899932861328,134.15933227539062,1418500,YUM,-0.008839948331732517
2024-06-17,136.42999267578125,138.24000549316406,136.02000427246094,136.9199981689453,134.2868194580078,1327800,YUM,0.0009503976108877765
2024-06-18,137.32000732421875,137.5,134.86000061035156,135.4199981689453,132.815673828125,2540800,YUM,-0.010955302512852483
2024-06-20,134.67999267578125,135.72000122070312,134.02000427246094,134.14999389648438,131.57008361816406,3170900,YUM,-0.009378262366216528
2024-06-21,135.11000061035156,135.1300048828125,133.3699951171875,134.2899932861328,131.7073974609375,3920900,YUM,0.001043603399314863
2024-06-24,134.42999267578125,135.10000610351562,133.3300018310547,133.99000549316406,131.41319274902344,2477100,YUM,-0.0022338804673969204
2024-06-25,134.0,134.0,131.6699981689453,132.3300018310547,129.7851104736328,2367100,YUM,-0.012389011075860212
2024-06-26,131.85000610351562,133.0,131.27000427246094,131.9600067138672,129.42222595214844,1392500,YUM,-0.0027960032650786726
2024-06-27,132.0800018310547,132.80999755859375,131.64999389648438,132.61000061035156,130.05972290039062,1355500,YUM,0.00492568856785347
2024-06-28,132.50999450683594,132.99000549316406,131.72000122070312,132.4600067138672,129.91261291503906,5819000,YUM,-0.0011310903837871145
2024-07-01,132.55999755859375,132.7899932861328,129.4199981689453,129.6999969482422,127.20568084716797,2789000,YUM,-0.020836551606003062
2024-07-02,129.61000061035156,130.89999389648438,129.07000732421875,130.02999877929688,127.52934265136719,2331500,YUM,0.0025443472538120293
2024-07-03,129.77999877929688,130.10000610351562,128.97000122070312,129.5800018310547,127.08800506591797,935900,YUM,-0.003460716392114871
2024-07-05,129.32000732421875,129.69000244140625,128.22999572753906,129.1199951171875,126.63683319091797,1477600,YUM,-0.0035499823072000503
2024-07-08,129.8699951171875,130.44000244140625,127.61000061035156,127.94000244140625,125.47953033447266,1846100,YUM,-0.00913872924724246
2024-07-09,127.4800033569336,128.2899932861328,126.58999633789062,126.66000366210938,124.22415161132812,1709400,YUM,-0.01000467996616683
2024-07-10,126.80000305175781,129.36000061035156,126.47000122070312,129.1699981689453,126.68587493896484,2494000,YUM,0.01981678852253821
2024-07-11,128.91000366210938,130.3699951171875,128.44000244140625,129.52000427246094,127.02914428710938,1623300,YUM,0.002709654784215809
2024-07-12,130.2899932861328,131.47999572753906,129.38999938964844,131.30999755859375,128.78472900390625,2338800,YUM,0.013820207126980621
2024-07-15,131.02000427246094,131.97000122070312,127.8499984741211,127.88999938964844,125.43048858642578,2157100,YUM,-0.026045223003063556
2024-07-16,126.6500015258789,129.2100067138672,126.25,128.9199981689453,126.44068145751953,2381300,YUM,0.008053786724626866
2024-07-17,129.07000732421875,129.9600067138672,128.50999450683594,129.3300018310547,126.84280395507812,1753800,YUM,0.0031802952833748233
2024-07-18,126.62999725341797,128.94000244140625,126.62999725341797,128.30999755859375,125.84241485595703,1714700,YUM,-0.00788683412989799
2024-07-19,129.0399932861328,129.08999633789062,126.75,126.93000030517578,124.48896026611328,2045800,YUM,-0.010755181043377249
2024-07-22,126.83999633789062,128.67999267578125,126.41999816894531,128.61000061035156,126.13664245605469,1605300,YUM,0.01323564406473321
2024-07-23,128.63999938964844,128.63999938964844,126.19999694824219,126.45999908447266,124.02799224853516,1298600,YUM,-0.01671721884515609
2024-07-24,125.97000122070312,126.83000183105469,124.76000213623047,125.94999694824219,123.52779388427734,1620500,YUM,-0.004032912699056701
2024-07-25,126.19000244140625,128.77000427246094,126.0,127.12999725341797,124.68510437011719,1987000,YUM,0.009368799791719562
2024-07-26,127.69000244140625,129.0399932861328,127.41000366210938,128.0500030517578,125.58740997314453,1874400,YUM,0.007236732621852537
2024-07-29,127.91999816894531,131.0399932861328,127.05999755859375,130.42999267578125,127.92163848876953,2150700,YUM,0.01858640817885382
2024-07-30,130.1699981689453,132.61000061035156,129.86000061035156,132.1699981689453,129.628173828125,1410500,YUM,0.013340532016200557
2024-07-31,132.75999450683594,134.02999877929688,131.61000061035156,132.8300018310547,130.27548217773438,1943100,YUM,0.004993596665301636
2024-08-01,133.4600067138672,134.75,131.66000366210938,134.5,131.9133758544922,1627800,YUM,0.012572447082168647
2024-08-02,134.75,136.58999633789062,133.0,135.17999267578125,132.58029174804688,2301500,YUM,0.005055707626626438
2024-08-05,135.1199951171875,136.22000122070312,131.97999572753906,133.32000732421875,130.75607299804688,3665000,YUM,-0.013759324251655602
2024-08-06,137.0,139.8699951171875,136.38999938964844,136.85000610351562,134.21817016601562,2981100,YUM,0.02647763715398188
2024-08-07,136.5800018310547,138.3699951171875,134.75,136.4199981689453,133.7964324951172,3071000,YUM,-0.003142184255695568
2024-08-08,136.25,138.39999389648438,136.24000549316406,137.10000610351562,134.46337890625,1355100,YUM,0.004984664592416754
2024-08-09,137.42999267578125,137.7899932861328,136.44000244140625,136.7899932861328,134.15933227539062,1446300,YUM,-0.002261216656319731
2024-08-12,135.9600067138672,136.22999572753906,134.80999755859375,135.6300048828125,133.0216522216797,1431300,YUM,-0.008480067696866489
2024-08-13,136.08999633789062,138.6999969482422,135.97999572753906,137.58999633789062,134.94395446777344,2388300,YUM,0.014451016622550439
2024-08-14,137.5,138.1999969482422,137.0500030517578,137.25999450683594,134.6202850341797,1267900,YUM,-0.002398443490355784
2024-08-15,137.9199981689453,138.16000366210938,136.77999877929688,137.80999755859375,135.1597137451172,1134100,YUM,0.004007016419707243
2024-08-16,137.9600067138672,138.0399932861328,136.72000122070312,137.39999389648438,134.75758361816406,1669800,YUM,-0.002975137285921914
2024-08-19,137.72000122070312,138.42999267578125,136.4199981689453,136.69000244140625,134.06126403808594,1671300,YUM,-0.0051673325081297294
2024-08-20,136.89999389648438,138.17999267578125,136.42999267578125,136.9499969482422,134.31625366210938,1713300,YUM,0.0019020740521780155
2024-08-21,137.30999755859375,138.42999267578125,136.52000427246094,137.75,135.10086059570312,1583200,YUM,0.005841570424131914
2024-08-22,137.92999267578125,138.16000366210938,136.5399932861328,136.75999450683594,134.12991333007812,1393600,YUM,-0.007186972727143859
2024-08-23,137.41000366210938,137.41000366210938,134.9499969482422,135.52000427246094,132.91375732421875,1657800,YUM,-0.009066907605886354
2024-08-26,135.92999267578125,136.3000030517578,134.75999450683594,134.9499969482422,132.35472106933594,1727500,YUM,-0.0042060751641710414
2024-08-27,134.1999969482422,134.9199981689453,133.74000549316406,134.5,132.57156372070312,2079100,YUM,-0.0033345458200697564
2024-08-28,134.75,136.3000030517578,134.36000061035156,135.64999389648438,133.705078125,2180100,YUM,0.008550140494307579
2024-08-29,135.80999755859375,136.6699981689453,134.63999938964844,135.25,133.31080627441406,1563000,YUM,-0.0029487203426608044
2024-08-30,135.44000244140625,135.89999389648438,134.41000366210938,134.9199981689453,132.98553466796875,1892900,YUM,-0.002439939601143748
2024-01-02,295.04998779296875,297.2799987792969,295.04998779296875,297.0400085449219,286.72100830078125,4458400,MCD,
2024-01-03,297.0,297.989990234375,294.25,294.3900146484375,284.1630859375,3114800,MCD,-0.008921336588514128
2024-01-04,295.32000732421875,297.2699890136719,290.9200134277344,291.739990234375,281.6051025390625,4615400,MCD,-0.009001746941815214
2024-01-05,289.2099914550781,290.3299865722656,287.20001220703125,288.989990234375,278.95062255859375,3406900,MCD,-0.009426201727746442
2024-01-08,288.510009765625,292.0,287.5199890136719,291.8999938964844,281.759521484375,3097000,MCD,0.010069565592044638
2024-01-09,289.6300048828125,290.8699951171875,287.5199890136719,290.8699951171875,280.76531982421875,2176400,MCD,-0.003528601578738466
2024-01-10,291.0,294.3900146484375,290.8699951171875,294.0899963378906,283.8734436035156,2199700,MCD,0.01107024194573869
2024-01-11,294.45001220703125,294.95001220703125,290.6499938964844,294.1499938964844,283.9313659667969,2047400,MCD,0.00020401087878152424
2024-01-12,295.4599914550781,295.75,292.8399963378906,293.4700012207031,283.2749938964844,1714200,MCD,-0.002311720856334798
2024-01-16,293.4700012207031,294.25,289.9800109863281,291.0899963378906,280.9776916503906,2859000,MCD,-0.008109874511577853
2024-01-17,290.1400146484375,292.3399963378906,290.1300048828125,291.1600036621094,281.0452575683594,2008200,MCD,0.00024050061870717343
2024-01-18,292.0899963378906,294.4800109863281,291.30999755859375,294.3599853515625,284.1340637207031,2221200,MCD,0.010990457649419083
2024-01-19,298.0,301.0799865722656,296.5199890136719,300.5299987792969,290.0897216796875,4240800,MCD,0.020960775019625455
2024-01-22,300.95001220703125,302.3900146484375,297.739990234375,298.4100036621094,288.0433654785156,3250200,MCD,-0.007054188020492402
2024-01-23,297.44000244140625,300.2099914550781,297.1300048828125,300.04998779296875,289.6263732910156,1874000,MCD,0.005495741130435938
2024-01-24,300.0,302.0400085449219,299.30999755859375,300.44000244140625,290.00286865234375,3209700,MCD,0.0012998322423083408
2024-01-25,300.739990234375,301.30999755859375,296.0899963378906,297.2099914550781,286.88507080078125,3219600,MCD,-0.010750935162031405
2024-01-26,295.3299865722656,295.9800109863281,291.70001220703125,292.260009765625,282.1070556640625,4210500,MCD,-0.016654829352199974
2024-01-29,291.6400146484375,292.760009765625,288.30999755859375,292.30999755859375,282.1552734375,3899700,MCD,0.00017103877129431844
2024-01-30,292.1400146484375,294.9200134277344,290.20001220703125,294.6499938964844,284.41400146484375,2524200,MCD,0.0080051874976379
2024-01-31,295.8999938964844,297.44000244140625,291.6499938964844,292.7200012207031,282.55108642578125,3476200,MCD,-0.006550119517257813
2024-02-01,291.70001220703125,298.1300048828125,290.2799987792969,298.0799865722656,287.724853515625,3380600,MCD,0.018310963819384574
2024-02-02,296.07000732421875,298.1700134277344,293.3500061035156,297.04998779296875,286.73065185546875,3969400,MCD,-0.0034554442622640735
2024-02-05,287.010009765625,291.44000244140625,283.3299865722656,285.9700012207031,276.03558349609375,7581900,MCD,-0.03730007415448178
2024-02-06,282.9700012207031,284.67999267578125,281.5400085449219,284.6499938964844,274.7613830566406,5927200,MCD,-0.004615894389565778
2024-02-07,285.04998779296875,290.5299987792969,284.1099853515625,287.3299865722656,277.3482971191406,3954700,MCD,0.009415045611263384
2024-02-08,286.20001220703125,293.1499938964844,284.20001220703125,291.92999267578125,281.78851318359375,4605000,MCD,0.01600948845747663
2024-02-09,292.1499938964844,292.510009765625,288.9200134277344,289.4700012207031,279.4139709472656,3323000,MCD,-0.008426648569166417
2024-02-12,289.0,291.19000244140625,288.760009765625,289.44000244140625,279.3849792480469,2392300,MCD,-0.00010363346519626226
2024-02-13,288.6300048828125,289.8999938964844,285.6700134277344,287.1099853515625,277.1358947753906,2756100,MCD,-0.008050086616190666
2024-02-14,287.32000732421875,288.32000732421875,286.5899963378906,288.1700134277344,278.1591491699219,2139300,MCD,0.003692062729458545
2024-02-15,287.8999938964844,292.1000061035156,287.2799987792969,291.8599853515625,281.720947265625,2401400,MCD,0.012804843501711183
2024-02-16,290.7900085449219,293.70001220703125,289.260009765625,292.0199890136719,281.8753662109375,2837500,MCD,0.0005482206199545203
2024-02-20,292.0,295.5,291.8399963378906,292.6499938964844,282.4834899902344,2264000,MCD,0.002157403282358805
2024-02-21,293.0899963378906,295.20001220703125,292.25,293.9100036621094,283.6997375488281,2076800,MCD,0.004305517826426852
2024-02-22,294.0,296.6700134277344,293.25,295.9200134277344,285.639892578125,3146600,MCD,0.006838861354089065
2024-02-23,296.0,298.739990234375,295.07000732421875,297.75,287.4063415527344,2199000,MCD,0.00618405815500056
2024-02-26,298.2099914550781,298.67999267578125,296.3999938964844,297.1199951171875,286.7981872558594,2595300,MCD,-0.0021158854166666297
2024-02-27,296.79998779296875,296.79998779296875,293.32000732421875,293.760009765625,283.5549621582031,2811200,MCD,-0.01130851308151537
2024-02-28,294.0299987792969,296.1000061035156,292.7200012207031,295.19000244140625,284.9352722167969,2507300,MCD,0.004867894295490283
2024-02-29,294.20001220703125,294.75,291.7099914550781,292.2799987792969,283.7315368652344,3601700,MCD,-0.009858069846681139
2024-03-01,291.3900146484375,292.6700134277344,289.5299987792969,290.7300109863281,282.2268981933594,3028600,MCD,-0.0053030922384091905
2024-03-04,289.3699951171875,291.239990234375,288.5,290.94000244140625,282.4306945800781,2832000,MCD,0.0007222902594943292
2024-03-05,291.55999755859375,293.510009765625,288.9200134277344,292.5400085449219,283.9839172363281,2969600,MCD,0.005499436619541109
2024-03-06,293.3299865722656,295.1400146484375,292.1499938964844,292.92999267578125,284.36248779296875,2348000,MCD,0.0013330967370894786
2024-03-07,294.20001220703125,294.9200134277344,291.0299987792969,291.1099853515625,282.595703125,2237700,MCD,-0.006213113609821352
2024-03-08,290.0400085449219,293.4800109863281,288.8299865722656,292.54998779296875,283.9936218261719,2481800,MCD,0.004946592401037675
2024-03-11,292.1499938964844,295.45001220703125,291.8699951171875,294.82000732421875,286.1972351074219,2893300,MCD,0.007759424460671793
2024-03-12,295.67999267578125,296.3599853515625,293.5400085449219,294.30999755859375,285.7021179199219,2233100,MCD,-0.0017299021537033887
2024-03-13,292.260009765625,293.4700012207031,282.6000061035156,282.8599853515625,274.58697509765625,5441300,MCD,-0.03890459821960923
2024-03-14,282.4200134277344,282.5199890136719,277.8299865722656,281.7300109863281,273.4901123046875,4659300,MCD,-0.003994818722167226
2024-03-15,281.8900146484375,284.2300109863281,278.3800048828125,279.1400146484375,270.9758605957031,5071400,MCD,-0.009193185805172588
2024-03-18,279.4700012207031,280.29998779296875,278.07000732421875,278.5799865722656,270.43218994140625,3319400,MCD,-0.002006262258305025
2024-03-19,279.20001220703125,284.3999938964844,278.5799865722656,282.8699951171875,274.5967712402344,4055400,MCD,0.015399557583828827
2024-03-20,283.5,284.6000061035156,281.3699951171875,284.45001220703125,276.1305236816406,2867300,MCD,0.005585665207047397
2024-03-21,284.5,285.5799865722656,282.6400146484375,283.5299987792969,275.2374267578125,3653300,MCD,-0.0032343588970028536
2024-03-22,283.8800048828125,284.3900146484375,282.1199951171875,282.6300048828125,274.3637390136719,2556100,MCD,-0.003174245760093064
2024-03-25,280.0,280.5799865722656,277.6400146484375,278.6199951171875,270.4710388183594,2985500,MCD,-0.014188195507719326
2024-03-26,279.2200012207031,279.45001220703125,277.1700134277344,278.6199951171875,270.4710388183594,2572100,MCD,0.0
2024-03-27,278.1000061035156,282.29998779296875,278.1000061035156,282.0199890136719,273.7716064453125,2605000,MCD,0.01220297881009702
2024-03-28,282.25,283.3800048828125,281.25,281.95001220703125,273.70367431640625,3453900,MCD,-0.0002481271163982113
2024-04-01,281.5,281.54998779296875,278.6400146484375,280.2200012207031,272.02423095703125,2408800,MCD,-0.00613587838775409
2024-04-02,280.0,280.4800109863281,277.45001220703125,277.739990234375,269.6167297363281,2907700,MCD,-0.008850228304634333
2024-04-03,276.57000732421875,277.9599914550781,275.1499938964844,275.5400085449219,267.48114013671875,2748000,MCD,-0.00792101161808434
2024-04-04,276.239990234375,276.239990234375,269.9200134277344,270.0899963378906,262.1905212402344,4095100,MCD,-0.019779386071053007
2024-04-05,269.4200134277344,270.6199951171875,266.3599853515625,266.69000244140625,258.8899841308594,6815200,MCD,-0.012588374033042249
2024-04-08,267.239990234375,268.69000244140625,265.8699951171875,267.55999755859375,259.7344970703125,3753200,MCD,0.0032621962174177455
2024-04-09,266.2200012207031,269.6700134277344,265.5,269.44000244140625,261.5595397949219,3934900,MCD,0.007026479667988417
2024-04-10,266.9700012207031,268.989990234375,265.1099853515625,268.6700134277344,260.81207275390625,3817500,MCD,-0.0028577382968192344
2024-04-11,269.5,269.8800048828125,267.1499938964844,268.6199951171875,260.76348876953125,2519200,MCD,-0.00018617005265575415
2024-04-12,267.9100036621094,268.2300109863281,266.5799865722656,267.3900146484375,259.56951904296875,2708400,MCD,-0.004578886498056156
2024-04-15,267.8599853515625,268.5199890136719,266.04998779296875,266.2300109863281,258.44342041015625,3686700,MCD,-0.0043382460023219105
2024-04-16,266.1300048828125,266.989990234375,265.1499938964844,265.42999267578125,257.66680908203125,2912900,MCD,-0.0030049892105813436
2024-04-17,266.5,270.1199951171875,265.5199890136719,269.95001220703125,262.0546569824219,3383100,MCD,0.01702904591031329
2024-04-18,270.9800109863281,271.2900085449219,268.8500061035156,270.9800109863281,263.05450439453125,3402700,MCD,0.0038155166983542266
2024-04-19,272.010009765625,272.2200012207031,270.4800109863281,271.989990234375,264.0349426269531,3016700,MCD,0.0037271356081605145
2024-04-22,273.75,276.5,272.32000732421875,275.5799865722656,267.5199279785156,3129300,MCD,0.013199001679426114
2024-04-23,276.82000732421875,277.3999938964844,274.239990234375,276.8800048828125,268.78192138671875,3275700,MCD,0.004717390136768751
2024-04-24,275.5400085449219,277.0299987792969,272.8900146484375,276.75,268.65576171875,4071600,MCD,-0.00046953510733838133
2024-04-25,277.0199890136719,279.82000732421875,274.7200012207031,275.6000061035156,267.5393981933594,4179800,MCD,-0.004155352832825199
2024-04-26,271.2300109863281,276.1099853515625,270.3699951171875,273.0899963378906,265.102783203125,3636500,MCD,-0.009107437264287421
2024-04-29,273.8299865722656,274.42999267578125,272.6000061035156,273.54998779296875,265.54931640625,3148900,MCD,0.0016843951124045908
2024-04-30,264.3299865722656,276.8699951171875,262.6300048828125,273.0400085449219,265.0542907714844,6894400,MCD,-0.0018643000212189564
2024-05-01,271.3800048828125,276.42999267578125,270.04998779296875,274.42999267578125,266.4035949707031,4843200,MCD,0.005090770903014796
2024-05-02,274.510009765625,276.30999755859375,272.7099914550781,273.2799987792969,265.2872009277344,3084000,MCD,-0.004190481824787318
2024-05-03,274.1400146484375,274.6199951171875,268.8900146484375,270.32000732421875,262.413818359375,2642100,MCD,-0.01083135051339279
2024-05-06,271.05999755859375,271.8800048828125,269.0400085449219,269.29998779296875,261.4236145019531,2481300,MCD,-0.0037733778618413982
2024-05-07,270.0400085449219,270.6700134277344,266.989990234375,267.5,259.67626953125,3160000,MCD,-0.006683950518232229
2024-05-08,267.5,268.92999267578125,266.05999755859375,268.489990234375,260.6372985839844,3259800,MCD,0.0037008980724300145
2024-05-09,268.4599914550781,268.4800109863281,267.0199890136719,267.95001220703125,260.1131286621094,3140000,MCD,-0.002011166326433167
2024-05-10,268.1700134277344,275.3800048828125,267.8399963378906,275.0,266.9568786621094,4983500,MCD,0.02631083213954688
2024-05-13,275.3800048828125,276.739990234375,271.1400146484375,271.32000732421875,263.38458251953125,3840700,MCD,-0.01338179154829544
2024-05-14,272.1199951171875,272.7699890136719,268.7099914550781,270.6600036621094,262.7438659667969,3143200,MCD,-0.0024325653998700236
2024-05-15,271.1099853515625,274.3699951171875,270.2300109863281,273.8699951171875,265.8599548339844,2982500,MCD,0.01185986629589153
2024-05-16,274.510009765625,275.55999755859375,272.9200134277344,273.510009765625,265.510498046875,2339900,MCD,-0.001314438813965202
2024-05-17,274.05999755859375,274.05999755859375,270.9200134277344,272.3800048828125,264.41357421875,2454500,MCD,-0.004131493702116518
2024-05-20,271.739990234375,272.1300048828125,267.2799987792969,267.8699951171875,260.03546142578125,2651100,MCD,-0.016557785758045562
2024-05-21,268.510009765625,269.0799865722656,265.44000244140625,265.8699951171875,258.0939636230469,2362600,MCD,-0.007466308419967094
2024-05-22,265.8699951171875,266.82000732421875,264.54998779296875,265.7699890136719,257.9968566894531,1906100,MCD,-0.000376146633137564
2024-05-23,265.1300048828125,265.6199951171875,257.6000061035156,257.92999267578125,250.3861846923828,5636200,MCD,-0.029499178470024034
2024-05-24,258.739990234375,260.4599914550781,257.5199890136719,258.1099853515625,250.5609130859375,3381100,MCD,0.0006978353851523345
2024-05-28,257.3900146484375,258.80999755859375,252.64999389648438,253.5399932861328,246.1245574951172,4324700,MCD,-0.017705599646619885
2024-05-29,253.36000061035156,253.8000030517578,249.16000366210938,249.3699951171875,242.0765380859375,4029300,MCD,-0.016447102151017523
2024-05-30,250.61000061035156,252.9600067138672,250.10000610351562,252.07000732421875,244.69757080078125,3599800,MCD,0.010827333921077376
2024-05-31,254.19000244140625,259.25,253.50999450683594,258.8900146484375,251.31809997558594,6125400,MCD,0.027056004784602017
2024-06-03,257.92999267578125,259.95001220703125,255.60000610351562,259.75,253.79002380371094,4342800,MCD,0.0033218173853879485
2024-06-04,259.3399963378906,263.0899963378906,259.25,262.7200012207031,256.69189453125,4592700,MCD,0.011434075921859854
2024-06-05,261.5,261.739990234375,258.6600036621094,259.989990234375,254.02452087402344,4136800,MCD,-0.010391332877753512
2024-06-06,260.9100036621094,261.7900085449219,258.92999267578125,260.7200012207031,254.73776245117188,3354300,MCD,0.0028078426622117902
2024-06-07,260.07000732421875,261.3999938964844,255.33999633789062,256.2099914550781,250.33123779296875,2290100,MCD,-0.01729828837261782
2024-06-10,256.0,256.0,253.14999389648438,253.80999755859375,247.986328125,2867100,MCD,-0.009367292363792079
2024-06-11,253.00999450683594,254.69000244140625,252.10000610351562,254.27999877929688,248.44554138183594,2729400,MCD,0.0018517837170484164
2024-06-12,254.8800048828125,256.30999755859375,253.41000366210938,254.47999572753906,248.64096069335938,3169600,MCD,0.0007865225310772495
2024-06-13,253.58999633789062,254.74000549316406,251.17999267578125,253.6999969482422,247.8788604736328,3153000,MCD,-0.003065069130746112
2024-06-14,252.86000061035156,253.6199951171875,250.61000061035156,253.5800018310547,247.76161193847656,2806600,MCD,-0.0004729803651198905
2024-06-17,252.3000030517578,254.52000427246094,251.8800048828125,253.50999450683594,247.6931915283203,2532900,MCD,-0.0002760758881348302
2024-06-18,253.9499969482422,254.35000610351562,249.35000610351562,250.7899932861328,245.03561401367188,2956300,MCD,-0.010729364836263966
2024-06-20,250.27000427246094,255.69000244140625,249.50999450683594,253.8000030517578,247.9765625,4046500,MCD,0.012002112708662915
2024-06-21,258.2799987792969,261.4599914550781,255.61000061035156,259.3900146484375,253.4382781982422,8426600,MCD,0.022025262133427592
2024-06-24,259.0,261.3699951171875,257.79998779296875,260.3800048828125,254.40557861328125,3901200,MCD,0.0038166088841806722
2024-06-25,260.1300048828125,260.1300048828125,255.58999633789062,257.3800048828125,251.47442626953125,4252300,MCD,-0.011521622028351164
2024-06-26,256.6499938964844,258.1700134277344,254.67999267578125,257.8299865722656,251.91407775878906,2796100,MCD,0.0017483164228628834
2024-06-27,258.0,258.8299865722656,256.9700012207031,258.1700134277344,252.24630737304688,2651000,MCD,0.0013188025954204985
2024-06-28,257.5400085449219,259.489990234375,252.86000061035156,254.83999633789062,248.99270629882812,8958700,MCD,-0.01289854327243889
2024-07-01,254.8300018310547,255.33999633789062,249.72000122070312,249.99000549316406,244.2539825439453,3817600,MCD,-0.01903151355525834
2024-07-02,249.67999267578125,251.02999877929688,247.41000366210938,247.7899932861328,242.10446166992188,3944900,MCD,-0.008800400650782803
2024-07-03,248.5,250.97999572753906,248.17999267578125,250.0,244.2637481689453,2026100,MCD,0.008918869904948945
2024-07-05,251.0,251.4199981689453,248.80999755859375,251.08999633789062,245.3287353515625,2814300,MCD,0.0043599853515625675
2024-07-08,251.75999450683594,252.5800018310547,247.05999755859375,247.85000610351562,242.16307067871094,3163900,MCD,-0.012903700990201772
2024-07-09,247.22999572753906,247.39999389648438,243.52999877929688,245.82000732421875,240.17965698242188,4927300,MCD,-0.00819043263791186
2024-07-10,247.0,250.55999755859375,245.89999389648438,250.49000549316406,244.74252319335938,4092700,MCD,0.018997632535198594
2024-07-11,251.22000122070312,255.64999389648438,249.8699951171875,254.8000030517578,248.95361328125,5546400,MCD,0.0172062655757792
2024-07-12,254.25,256.9200134277344,251.80999755859375,253.89999389648438,248.07424926757812,4543000,MCD,-0.0035322179925194597
2024-07-15,253.63999938964844,255.72999572753906,251.19000244140625,251.52999877929688,245.75865173339844,3393600,MCD,-0.009334364608743373
2024-07-16,251.0,257.30999755859375,250.10000610351562,257.2699890136719,251.36692810058594,4173000,MCD,0.022820300807982363
2024-07-17,258.9700012207031,262.04998779296875,257.8599853515625,261.0,255.0113525390625,3711500,MCD,0.014498430231323578
2024-07-18,258.0299987792969,262.3299865722656,257.6000061035156,259.5199890136719,253.56529235839844,3421800,MCD,-0.005670540177502348
2024-07-19,260.3900146484375,260.44000244140625,255.02999877929688,257.2799987792969,251.376708984375,3470600,MCD,-0.00863128209464048
2024-07-22,258.29998779296875,259.7900085449219,256.3999938964844,259.5400085449219,253.5848846435547,2759500,MCD,0.008784241978964324
2024-07-23,259.67999267578125,260.1400146484375,253.50999450683594,254.0500030517578,248.22080993652344,2653100,MCD,-0.021152829284175056
2024-07-24,246.32000732421875,254.3300018310547,246.1199951171875,253.3699951171875,247.55641174316406,5983300,MCD,-0.002676669657161068
2024-07-25,254.19000244140625,256.0899963378906,251.10000610351562,251.4600067138672,245.6902618408203,3323100,MCD,-0.007538336978050286
2024-07-26,252.89999389648438,254.0500030517578,250.75,252.0,246.21786499023438,4002900,MCD,0.002147432083493328
2024-07-29,253.5500030517578,263.92999267578125,250.22999572753906,261.4200134277344,255.42172241210938,9381000,MCD,0.03738100566561253
2024-07-30,261.0,267.3699951171875,260.30999755859375,266.44000244140625,260.3265380859375,4936600,MCD,0.019202772380927824
2024-07-31,265.4200134277344,267.6700134277344,263.20001220703125,265.3999938964844,259.3103942871094,4652100,MCD,-0.0039033498550976597
2024-08-01,266.82000732421875,268.7699890136719,262.3999938964844,268.75,262.58355712890625,4936000,MCD,0.01262247995688437
2024-08-02,269.3999938964844,276.80999755859375,268.79998779296875,276.69000244140625,270.3413391113281,9585900,MCD,0.029544195130813966
2024-08-05,274.0400085449219,277.8699951171875,267.67999267578125,268.45001220703125,262.2904357910156,6794900,MCD,-0.029780585354253875
2024-08-06,269.8599853515625,273.20001220703125,268.0799865722656,270.05999755859375,263.86346435546875,3369300,MCD,0.005997337598632191
2024-08-07,269.55999755859375,273.1400146484375,268.5799865722656,269.3699951171875,263.1893005371094,3540000,MCD,-0.0025549968438274284
2024-08-08,268.92999267578125,273.6499938964844,268.0799865722656,271.19000244140625,264.967529296875,3227200,MCD,0.006756533233877704
2024-08-09,271.70001220703125,271.70001220703125,266.9599914550781,267.9100036621094,261.7627868652344,2664900,MCD,-0.012094836645040297
2024-08-12,267.4599914550781,269.5299987792969,265.3299865722656,269.4599914550781,263.2772216796875,3008100,MCD,0.005785479346727129
2024-08-13,270.30999755859375,272.0,267.5400085449219,270.30999755859375,264.10772705078125,2603600,MCD,0.00315447981322059
2024-08-14,269.8599853515625,271.510009765625,268.5,271.1499938964844,264.928466796875,2242100,MCD,0.0031075296714044853
2024-08-15,272.0,275.760009765625,271.8500061035156,274.8699951171875,268.5631103515625,2445200,MCD,0.013719348347554394
2024-08-16,274.75,279.5,274.70001220703125,278.489990234375,272.10003662109375,3286000,MCD,0.013169844586507828
2024-08-19,282.3299865722656,288.32000732421875,281.7200012207031,287.54998779296875,280.9521789550781,5268800,MCD,0.03253257882255989
2024-08-20,286.5,290.2699890136719,285.2099914550781,285.6300048828125,279.07623291015625,3697600,MCD,-0.00667704048570017
2024-08-21,287.1499938964844,289.9700012207031,286.2699890136719,289.7099914550781,283.0625915527344,2686300,MCD,0.014284166587958946
2024-08-22,289.54998779296875,290.5,287.54998779296875,289.2099914550781,282.5740661621094,1746400,MCD,-0.0017258638457332554
2024-08-23,290.3800048828125,290.7799987792969,287.1300048828125,289.5199890136719,282.876953125,2145900,MCD,0.0010718770711692915
2024-08-26,289.25,292.2099914550781,287.8699951171875,288.67999267578125,282.0562438964844,2018500,MCD,-0.0029013414263806547
2024-08-27,289.0799865722656,290.29998779296875,288.05999755859375,289.6400146484375,282.9942321777344,2897600,MCD,0.003325557700614379
2024-08-28,289.95001220703125,290.9599914550781,285.260009765625,287.04998779296875,280.463623046875,2603800,MCD,-0.008942227332133346
2024-08-29,287.7799987792969,289.1099853515625,284.7799987792969,287.8599853515625,281.2550354003906,1797100,MCD,0.0028217996622175168
2024-08-30,287.55999755859375,288.8800048828125,286.2900085449219,288.6600036621094,282.0367126464844,2528500,MCD,0.0027791924937736745
