EmployeeID,Skill,Year1_Sales,Training,Year2_Sales,Part_Time
1,69.93428306022466,41.96391871304234,1,57.83278059631833,0
2,57.23471397657631,33.240525402852,0,19.688024528617596,0
3,72.95377076201385,36.77503723060779,0,34.67873701874461,0
4,90.4605971281605,41.99561467555238,1,66.73583526003895,0
5,55.31693250553328,31.14958282083459,0,28.57763883437916,0
6,55.317260861016386,29.626057357616943,0,41.12379875041068,1
7,91.58425631014782,50.0,1,67.54112827791344,0
8,75.34869458305818,40.85020629993893,1,52.654074307319036,0
9,50.610512281300956,30.553019717247153,0,24.82793490520511,0
10,70.8512008717193,32.74942437805681,0,26.54436876852739,0
11,50.73164614375075,31.952793400047003,0,24.962824325391573,0
12,50.68540492859486,26.33070048775943,0,21.17742217929364,1
13,64.83924543132068,42.79592707878666,1,56.99657409346115,0
14,21.73439510684404,7.421258462974181,0,4.059748090222173,1
15,25.501643349739346,21.43064069069592,0,12.16699209589344,0
16,48.754249415180546,25.36667862490351,0,21.199335500568257,0
17,39.74337759331152,16.61459877858352,0,14.28297277796121,0
18,66.28494665190547,30.723044155681126,0,31.536259495363176,0
19,41.83951848957578,19.31802270381629,0,15.041272231091948,0
20,31.753925973294166,17.997792718656665,0,9.973860898619208,0
21,89.31297537843108,47.27066512939304,1,67.06682132589246,0
22,55.48447399026929,24.873736975441748,0,29.585902731722243,1
23,61.35056409375848,30.553509085574326,0,32.6442685379605,0
24,31.505036275730866,26.46386993092475,0,6.114155241137382,1
25,49.11234550949635,33.19388860525173,0,23.161755783994394,0
26,62.21845179419732,33.29084424546882,0,35.33501575302027,0
27,36.980128451553945,18.680081616617976,0,9.122789154203222,0
28,67.51396036691344,34.35713681704802,0,26.731030949438843,0
29,47.9872262016239,27.06120296446403,0,23.7315908479246,1
30,54.166125004134464,21.969099676075203,0,35.603590083344685,1
31,47.96586775541206,22.696051190589305,0,30.217392455379628,0
32,97.04556369017875,40.17986147570143,1,68.21276179825922,0
33,59.730055505241324,31.86114336564706,0,34.62227413791109,0
34,38.845781420882005,22.65887040895471,0,17.590355608600742,1
35,76.45089824206379,35.809516809535026,0,29.7060911868983,0
36,35.58312700057955,25.66149731673994,0,13.169233559642004,0
37,64.1772719000951,25.959807635035848,0,39.90307979258854,1
38,20.806597522404488,3.081424360153144,0,4.516666676027861,1
39,33.43627902203139,17.840398603815558,0,7.750609807070303,0
40,63.93722471738247,37.20410387175201,0,30.46942137731683,0
41,74.76933159990821,45.80430425724345,1,66.90534874781915,0
42,63.42736562379941,29.419261497555006,0,39.84347738871002,1
43,57.68703435223519,34.23692134327407,0,39.93741834335826,0
44,53.977926088214225,26.796420696603576,0,26.193736992106857,1
45,30.42956019265145,14.351643596621628,0,8.3464512700306,1
46,45.60311583210583,27.219857603486275,0,15.218345168948959,1
47,50.78722458080425,28.655226682469223,0,32.7782844209935,0
48,81.14244452437832,32.68926147726791,0,34.73232450584948,0
49,66.87236579136923,40.818884644314096,1,54.52006071449776,0
50,24.73919689274532,19.270055217109917,0,3.4415429041042196,0
51,66.4816793878959,30.1130261864003,0,30.296505560254467,0
52,52.29835439167367,28.12819486302388,0,21.962865040588333,0
53,46.461559993880826,25.700930928354108,0,20.191403693561323,1
54,72.23352577681736,37.420131717528214,0,33.421149372663784,0
55,80.61999044991902,37.55846945573241,0,37.56865125033412,0
56,78.62560238232398,35.95468435147173,0,43.47947075006353,0
57,43.21564953554723,21.480054412816386,0,16.083510802461014,0
58,53.81575248297571,32.77152133778468,0,28.01058337655719,0
59,66.62526862807128,36.0306350870078,0,39.40243007556343,0
60,79.51090254244718,37.90237961079306,0,37.18946944865661,0
61,50.4165152430942,29.066751174788827,0,21.618663167809093,1
62,56.28682046672366,13.900697130211453,0,13.495393553730288,0
63,37.873300519879436,24.680478761800234,0,24.83527630174327,1
64,36.07586751838659,9.339364865302796,0,9.504235956980041,0
65,76.25051644788397,36.313053516926324,0,35.469186750903994,0
66,87.12480057141646,37.96405081257751,0,45.981783541648426,0
67,58.55979756839332,22.806491405592134,0,23.768438035014544,0
68,80.07065795784048,45.83946291581284,1,63.44212653113498,0
69,67.23272050095268,31.277854243916885,0,35.65939678898518,0
70,47.09760490789751,25.281321862602336,0,22.009760098254336,0
71,67.22791211016828,33.37935316068822,0,29.421027062847983,0
72,90.76073132931938,47.765569800775296,1,60.946961053242404,0
73,59.283479217800966,30.02584906420176,0,32.315826290630035,0
74,91.29287311628012,39.23147543719721,0,51.791339070585366,0
75,7.605097918205113,8.783883056338256,0,0.3080051119792906,0
76,76.43805008750448,35.750242127945675,0,40.51095856150966,0
77,61.74094136476343,23.08756118908296,0,20.43533558937137,0
78,54.019852990682644,24.86935069051176,0,24.086837842055324,1
79,61.835215530710045,38.421406718526576,0,30.76231310100051,0
80,20.248621707982146,14.375419564558538,0,2.7879468845409523,1
81,55.60656224324976,26.060020449585586,0,23.1207492476769,0
82,67.14225143023492,31.824837193525315,0,30.232227932773032,0
83,89.55788089483032,43.17076519132824,1,66.23990408904702,0
84,49.63459563452705,35.20103773506773,0,23.880652725231652,0
85,43.83012794213625,23.824741232225893,0,10.723907804443265,0
86,49.96485912830927,27.132637800109983,0,14.378928800979304,0
87,78.30804235404148,44.30543844717995,1,56.119695287734864,0
88,66.57502219319369,34.481456891729415,0,35.575944026864605,0
89,49.404795924659226,23.407187233226097,0,10.96487374870344,1
90,70.26534866226712,34.150925085708664,0,32.6340234503754,0
91,61.941550986960806,30.612769196410085,0,28.339536210893296,0
92,79.37289981065778,39.50033872277969,0,46.62813879637113,0
93,45.95893812245295,26.617616779411374,0,21.054360002662158,0
94,53.44675706804463,26.983107963058814,0,28.63832345772696,0
95,52.15783693735685,29.74211885475632,0,26.78520416911574,1
96,30.72970103735763,14.961267618135903,0,2.356009059821406,1
97,65.92240554129152,33.354378722226215,0,36.80223885380445,0
98,65.22110544359779,22.619549299138356,0,33.687535249080334,0
99,60.102269132849216,34.63277293993701,0,32.59247776479756,0
100,55.30825733249705,29.38657104573849,0,47.28531719843016,1
101,31.692585158991715,20.83634312879412,0,5.425727882002915,0
102,51.58709354469282,11.312269881377963,0,17.208515010575976,0
103,53.14570966946461,37.01472835863594,0,25.135617237730525,0
104,43.95445461556762,21.279279167007942,0,23.413871829798858,0
105,56.77428576667982,33.92805696702749,0,28.159581656833698,0
106,68.08101713629077,28.84097893251773,0,31.919326901155166,0
107,97.7237180242106,50.0,1,66.0126943709115,0
108,63.49155625663678,26.47870031245011,0,33.39332180618344,0
109,65.15100781445528,29.456659103748617,0,24.989635423869245,1
110,58.51108168467666,38.82569761167226,0,33.00843667994716,0
111,21.62457569401917,9.858875843192852,0,4.365657911291658,0
112,59.46972249101566,30.822025611406445,0,24.08451455030604,0
113,61.204604198820526,34.95264075285403,0,28.352237809431195,0
114,100.0,50.0,1,76.28574608431286,0
115,56.15278070437755,28.828484877906657,0,25.39971491710766,0
116,66.03094684667225,34.84027843566725,0,34.807741514384226,0
117,59.305764605895135,41.669960229138944,1,45.9981009243702,0
118,36.62643924760936,18.025125638636755,0,11.05141443671139,0
119,82.85645629030041,42.43372337872505,1,64.85576683910122,0
120,75.03866065373548,42.772602306905796,1,66.7623744933498,0
121,75.82063894086093,43.437949135220386,1,57.03249974293439,0
122,41.81225090410522,26.841276979854513,0,24.249399475842143,0
123,88.05588621872198,47.22159421950691,1,64.51828080705572,0
124,31.962978744154384,10.266464808424775,0,11.230424140696131,0
125,71.73714187600541,44.03572859950818,1,52.27440899995905,0
126,100.0,44.26827303490656,1,73.72502656438641,0
127,40.18927349738623,21.60781407488828,0,19.12115026810971,1
128,48.67404540794456,20.56564345387549,0,24.016081818429793,0
129,61.993027301752825,30.67582191791145,0,31.455276073118277,0
130,49.93048691767601,26.60905551035541,0,26.226445440971393,0
131,28.986731378677348,16.100151766590038,0,6.9561102368644425,0
132,61.371259496120544,32.795233519236696,0,31.7591956639129,0
133,38.7539257254779,27.445519208032184,0,27.267553150549872,0
134,69.47184861270364,37.00359581392172,0,39.66317273442791,0
135,41.611515315323935,19.584974481208725,0,12.575765310073225,0
136,90.99868810035079,50.0,1,63.22164642005604,0
137,44.334934153275256,28.11481952126083,0,17.721262935496007,0
138,53.55876967588649,20.641345762258283,0,31.55588762913201,0
139,76.27034434739339,41.12217252294599,1,62.51540613634567,0
140,35.38271367132089,21.19722054721494,0,25.05471021441536,0
141,64.54919869208258,30.78678182924133,0,29.254696216195143,0
142,86.14285508564856,49.94996160938238,1,61.92368426602255,0
143,27.85033530877545,13.174889719225089,0,2.863873420880277,1
144,63.692677170646085,32.47422085268076,0,29.88398305501868,0
145,65.19765588496847,31.733468821064886,0,37.58168049538147,0
146,75.6364574355462,37.89612395568044,0,35.485751821632114,0
147,35.26098578243836,12.149117456743172,0,10.41644593361165,1
148,33.59086773831447,9.595179456185765,0,7.9214591695840895,1
149,70.43883131233795,43.191940972293835,1,56.83970079727678,0
150,65.93969346466372,28.73503999074022,0,27.231389783253523,0
151,65.00985700691753,27.547966756177228,0,32.93097575162827,1
152,66.92896418993952,22.697531526951188,0,18.508802240466146,1
153,46.399505568430186,20.00494404576758,0,22.265271993405168,1
154,64.64507394322007,25.70708800457254,0,24.170170753034334,1
155,65.86144946597362,41.14080053366865,1,58.96069731572089,0
156,45.71297163947264,27.905571266449492,0,26.743522583558878,0
157,97.31549022289514,45.21699338555895,1,70.99110002127797,0
158,69.47665841823576,46.00050823583942,1,62.34336034491478,0
159,36.173930055947025,22.995792462931483,0,13.342382423849326,0
160,73.1310721726766,34.94137916879519,0,45.30235207591609,0
161,40.50636659545357,7.756154723358922,0,12.457070559514355,0
162,75.74169207484904,49.325558900378226,1,56.688069601329794,0
163,83.17191158014808,34.63809345625606,0,47.26405652598876,0
164,43.58635363296579,13.566183081698435,0,8.130854627212361,1
165,79.26752258488644,44.74661345249142,1,55.51119048480485,0
166,68.25561853872996,46.32657130106135,1,51.08486065316648,0
167,76.4412031998898,45.14196569249749,1,55.575713059624825,0
168,97.93585965307895,50.0,1,63.685141612738214,0
169,55.09223767994259,30.519890548297724,0,33.66153417544792,0
170,44.925276712850206,26.72971615032664,0,21.168366354575944,1
171,42.209711407489536,24.899498652678595,0,22.867380545529166,1
172,43.68379430069123,23.247854270192494,0,18.990140318277213,0
173,58.45796581171792,29.74998842561834,0,20.125966403116372,1
174,66.82303949633287,33.09855410866882,0,34.761806540123544,0
175,65.53381598660039,28.997085048966813,0,23.20563311620131,1
176,76.54366498072048,36.86845710602637,0,37.9286622599329,0
177,60.26003783755814,21.66523484780214,0,23.288443724615014,0
178,89.07068154314634,44.04364263759942,1,74.47172076772722,0
179,54.706863335240875,22.41047613186585,0,31.910245278494045,0
180,100.0,44.48205341392114,1,70.5287689563574,0
181,72.51334695530012,37.15614423341745,0,42.575206865923406,0
182,42.85684887167435,28.388435867560172,0,17.196844548508498,0
183,38.582150038777755,23.882658049400444,0,22.008471912739342,1
184,69.64944830486371,26.97222113431597,0,35.82377632102542,0
185,55.53074429348298,22.817231463889804,0,29.08547255340984,0
186,74.28000988184183,41.843860880861996,1,63.501772441454754,0
187,69.4647524914709,29.819939278043904,0,38.394836759634465,1
188,58.54342174686254,28.148545123446148,0,30.71532918755639,1
189,43.0641256386319,24.28232331443871,0,13.257625638174469,1
190,29.70305550628271,10.009805478823179,0,5.025648138372018,1
191,51.06970095865958,26.06172801005959,0,24.92130581135117,1
192,77.12797588646944,31.893860468643698,0,39.03084981461798,0
193,64.28187488260409,29.134099221545974,0,26.489918817932423,0
194,35.08522442576024,19.141521883592805,0,14.800497795386113,0
195,63.46361851702364,23.766840590853473,0,39.313779534779684,0
196,67.70634759457674,36.055547487090365,0,36.86376539925079,0
197,42.32285127597734,21.063236643355264,0,21.521609944407395,1
198,63.07450211891056,34.29970083154102,0,30.476206209949517,0
199,61.16417436892,31.701657854783306,0,25.82249488434882,0
200,37.14059404338754,25.39099917156299,0,18.95769961428808,0
201,67.15574720696567,34.20399611672237,0,34.86663630419659,0
202,71.21569052736469,33.46081755805608,0,29.39904238627422,0
203,81.66102486350555,41.441999946914194,1,62.50139451797726,0
204,81.07604104069806,43.25451066553097,1,59.761725276225285,0
205,32.44661264085818,16.46760667205761,0,3.342134265521067,0
206,41.243499201697546,20.824708056868186,0,16.319824546951263,0
207,70.3007053441732,31.64039423305282,0,33.08232500497838,0
208,70.27571901824417,31.823354921367347,0,44.57629779582304,0
209,70.30095372612095,28.13745050406201,0,37.93324248572927,0
210,100.0,50.0,1,63.32259215450055,0
211,71.41781021386333,29.48958892997524,0,38.139086554019855,1
212,82.71131280361197,37.89113041282645,0,33.61913645711416,0
213,79.08003526986404,35.94798130708603,0,44.95347290436739,0
214,73.02782502611596,40.988534397780185,1,54.15828925396859,0
215,53.69461510719309,25.372559162136405,0,26.379126609900688,1
216,75.17938440986535,43.82840256830134,1,64.21867544264363,0
217,44.54349570924856,18.90429473340494,0,7.917965005851515,0
218,55.26362786519982,29.02678474371892,0,20.646223007034955,1
219,50.29272904341793,20.969629255410176,0,22.22836788997894,1
220,61.63748278772645,41.54448703273017,1,56.010635648959806,0
221,100.0,44.062007904852436,1,62.40326962261579,0
222,22.654696148165034,12.876451625217655,0,-1.4167149582351657,1
223,73.72520380749027,40.03148630840563,1,54.60680761170014,0
224,27.745682576206963,15.941836775360972,0,8.315772643829042,0
225,50.56136268421133,24.354243047717123,0,31.281990090799813,1
226,81.77901193934733,40.24040247100653,1,58.57369915924667,0
227,61.285600381909255,30.861857550850175,0,28.585667155374615,0
228,38.445104441413875,18.487542212564495,0,12.496027945992838,0
229,45.693925814800636,27.666358491374865,0,13.498254408923215,0
230,73.59195497869352,47.848592497303514,1,54.853373613431714,0
231,45.39266736565727,19.908874757789466,0,11.824226566226962,0
232,64.3291717916395,25.315570997924357,0,34.41067950224492,0
233,60.911436798076274,30.014308157281864,0,27.906684933083724,0
234,46.96799304788366,36.38254321221342,0,23.656201582471038,0
235,100.0,45.98162716015135,1,57.55836323293505,0
236,72.67838044636022,44.534774250400446,1,53.04794816151087,0
237,19.49714826684786,18.137078203806134,0,6.008058848098133,1
238,63.729086295388555,29.096601939154304,0,26.95307297642088,0
239,46.76427070463224,26.227050748242497,0,23.677056460264104,1
240,77.04866669592448,46.66631646360493,1,60.75869585197573,0
241,44.14958523134599,20.179153910735558,0,20.36204661138417,1
242,57.70527117066202,27.834733784819203,0,29.704954440313866,1
243,70.09974557960915,32.141468220061356,0,30.236209963381512,0
244,77.31510388340243,33.58376828823688,0,37.62449554322098,0
245,35.994071858884475,14.750648204112203,0,10.524058388694176,1
246,53.30997528318103,20.535286307779234,0,27.43985244643269,0
247,50.50109377678088,25.420964229686568,0,22.31789054057076,0
248,46.93341534852576,19.616841518969675,0,12.293894847858423,1
249,95.30908480562194,48.8234719617647,1,71.22759135599405,0
250,68.09963421921911,26.27033887859142,0,23.800110716722166,1
251,34.782320913299095,19.045561617721834,0,11.593265390714517,1
252,78.35723894109552,43.34626427859238,1,57.4973457771424,0
253,100.0,40.03132178714272,1,72.12744966620116,0
254,80.64930521102293,42.19493545474933,1,66.31088722373761,0
255,29.612600680919734,20.944645302826327,0,7.947931854307537,1
256,50.31531854267497,19.10945417788146,0,10.805227129599876,1
257,85.33822298373245,50.0,1,61.226368012487704,0
258,45.846610687624384,25.01840039064242,0,19.004537738190052,1
259,68.87638856292457,30.913135002670245,0,43.11287716064633,0
260,75.49268106858673,37.467495146004836,0,33.462480065159404,0
261,41.46139056843834,23.52232984682778,0,17.952961386784835,0
262,58.809492878764,29.784773396444056,0,30.426691597396882,1
263,0.0,2.693779962231846,0,-3.005373815190222,0
264,39.5122471733142,15.152755621260269,0,8.88886001393789,1
265,54.948636972136796,28.32112260624879,0,29.061584792319273,1
266,35.044336360703014,10.453595695826607,0,7.928933079219476,0
267,92.6482260786327,45.76798273257285,1,65.85717874481662,0
268,31.397172440787347,11.179048013069725,0,6.525962829075909,1
269,51.19911026606032,21.92190542008133,0,18.027203587126326,0
270,62.61481154572183,37.4878716489131,0,32.91537182955711,0
271,88.82546578132231,49.8692834936325,1,73.18739824889735,0
272,31.282756976411214,18.687069092741492,0,7.8666933210613985,0
273,83.26327504309918,36.1700736981867,0,42.75795810778734,0
274,60.20466122039174,28.52028836172186,0,33.56594438578017,0
275,40.36982697904098,26.250401989416407,0,13.838261006786993,1
276,69.24206948526542,35.329619310832236,0,43.13360803328074,0
277,63.981193911469404,43.587244655643175,1,53.00224093784871,0
278,47.99566245682411,25.964420425383913,0,32.1571157238576,1
279,61.39604169980038,31.658266432350345,0,27.032855872280244,0
280,52.2937280627648,24.601281710369893,0,35.23717364417152,0
281,62.27034690502496,31.80287797642389,0,35.01095092268639,0
282,73.24261349042092,35.85895756330774,0,39.38650717447225,0
283,91.72033632290704,49.400711544896474,1,67.03029043321925,0
284,35.24369002346302,22.40535659570443,0,16.37920192135926,1
285,100.0,46.070052697460255,1,76.00265829236936,0
286,20.95824400954996,3.82295723698609,0,5.5904606770076075,0
287,56.964298099288335,19.301122184127685,0,9.323400265854202,0
288,71.76634412969152,38.42312869940848,0,30.297239756310745,0
289,65.61983735470065,27.293085646480957,0,31.88068991638659,1
290,47.546009603588125,13.008551837031648,0,12.661499858810918,0
291,55.83755499285449,29.861670519082068,0,27.635835051927767,1
292,50.13998130682334,37.53498824057562,0,31.164844602379986,0
293,48.21270486111577,24.075997872858416,0,14.35084311036476,0
294,76.9920419404205,42.688474842468466,1,59.213960652736056,0
295,67.14030971930094,33.979301652388294,0,24.4802587327147,0
296,46.14180809478692,22.576455781437744,0,26.869465524814302,1
297,77.99199750866501,43.591381169271344,1,58.52370518212249,0
298,66.14599041753219,31.621622487822837,0,35.171045068886684,0
299,76.2572423767792,39.465582758749115,0,33.809206385440774,0
300,72.59257683847224,37.90477745021619,0,42.69361307752487,0
301,43.42009978155855,18.36959762256403,0,13.459336605536766,1
302,48.796379196060606,29.358401345712917,0,27.31591111308974,0
303,74.94587210246523,36.598137267755575,0,36.82534981691541,0
304,72.2074053086693,32.32497685687042,0,39.00298908081031,0
305,59.581968120717036,32.47353327821054,0,26.256521220421774,0
306,62.34654766617564,26.68093392413263,0,35.45105212819138,1
307,85.5532979157685,42.91755474472989,1,71.02405342950385,0
308,48.1685722232834,24.03869112842068,0,29.43733891153763,1
309,70.94194762340075,40.900451640858265,1,51.82296146266333,0
310,55.95614695132212,30.351564640060822,0,29.785160062026574,0
311,55.646375935455595,27.698053174002077,0,21.357480248934557,0
312,81.97553703974381,45.07660001587334,1,63.849720075750284,0
313,76.5083269797606,45.205201234966864,1,60.50718055419299,0
314,76.27019272001277,40.9241478917657,1,48.786014662345565,0
315,86.10957614308658,43.1065511707602,1,57.24586885198147,0
316,60.420076832655184,23.650857254576792,0,28.794343932608758,1
317,73.63905942589928,31.493961397572775,0,35.315230977245506,0
318,53.79466486813088,25.3712089122921,0,20.849947756971414,1
319,66.48332704976885,30.19410251408801,0,35.18655717164534,0
320,57.397138912646305,27.763712941395923,0,29.955937501025716,1
321,61.93991929985437,31.25320927441272,0,29.99861399003459,0
322,71.90314050873828,38.60003402615279,0,32.172612753577326,0
323,43.63558633533055,21.46529927736982,0,27.061328799748093,1
324,100.0,50.0,1,78.27703556544148,0
325,39.87965237000596,20.26219825905358,0,17.522018765770294,1
326,35.71622774424536,7.980781040353323,0,7.398639643174288,0
327,83.16221747000135,36.8844317659069,0,44.037147062060654,0
328,75.83325387925872,37.19618916102128,0,36.12648004089443,0
329,72.4823963410431,30.19272445631601,0,35.54421216720538,0
330,72.5669101852856,39.28309874262382,0,39.981720851266154,0
331,59.75506454306171,37.53128643324934,0,20.33075183399439,0
332,42.05491257028337,27.12126554362827,0,27.618967909405033,0
333,61.51609116387453,29.690831227286225,0,31.12144820358397,0
334,46.456765769757766,30.682013569128642,0,21.170917162067983,0
335,79.50239466835502,40.49453462018807,1,59.305026563070264,0
336,57.05885236995723,26.843996329388418,0,28.34157296008121,0
337,43.49005606414977,18.678014714370185,0,6.544510757425129,0
338,53.57228316694013,25.273793151029423,0,34.260832720736246,1
339,68.2586290855125,32.188430450050106,0,34.33594270410934,0
340,48.7255089439205,25.21483558383769,0,26.57776512419713,0
341,43.55559208867137,22.580665949585008,0,26.535544897205902,1
342,64.87374422983825,32.452102215686196,0,27.33105982711762,0
343,64.89933142217446,34.634356559818976,0,34.81702520626337,0
344,49.8611364925774,30.883799620220408,0,23.592362791794734,0
345,50.57923388763354,30.03738762102339,0,29.523470819899238,0
346,64.64099874715272,24.896009531326843,0,21.684362271818884,1
347,31.038313170053517,2.7495509105169837,0,7.511842541910207,0
348,31.850724512468894,20.596961812430816,0,12.911258977314638,1
349,45.63111557495128,15.981164295398536,0,12.48843627032321,1
350,55.73105696576305,26.741701473418107,0,30.21574941972254,0
351,66.21815131196009,27.258510525683246,0,29.57094618186991,0
352,89.50712433899103,35.743659981595414,0,41.1926928486153,0
353,77.15319246404039,41.28390987304413,1,58.02326938923355,0
354,56.80122940073146,32.196390501878966,0,23.917403563789687,0
355,59.619675841946226,26.927285917339518,0,34.019756398233746,0
356,39.94941270724382,7.019494892897363,0,9.06433517569234,0
357,59.6297372801522,27.083646398813684,0,15.279927543467892,1
358,54.22682722159724,29.072433637811354,0,25.23930332768959,0
359,66.45437120676179,25.832627759510252,0,28.034466499161034,1
360,43.45538112895354,22.64449016337255,0,13.571311487172043,0
361,70.38693028482345,35.11691589654675,0,29.00633195129886,0
362,90.65477826005156,48.22384662803122,1,65.87443148919063,0
363,57.82479703086285,29.51030035750219,0,35.555602656672576,0
364,68.03423444197882,29.151772516581634,0,35.583039590314314,0
365,73.80287983422225,42.88429742543359,1,53.86892297603243,0
366,51.97559056228327,25.195147416006787,0,28.26731625699515,1
367,64.48184963620834,32.10440212055451,0,29.94547326700921,0
368,60.2518480156359,25.459584212451972,0,26.652922162002227,1
369,61.95352197097663,28.760349729530763,0,25.204947644323394,1
370,44.53980432289067,17.84588859131083,0,6.755379063843369,1
371,60.49020348517885,29.38037144297231,0,28.2954832097922,0
372,69.95996582490899,43.53852531316622,1,55.77025036205516,0
373,89.02287215590083,37.65193036329363,0,44.028317727875965,0
374,79.18541652170414,31.524901271468366,0,37.512873621115276,0
375,100.0,50.0,1,65.2712696965161,0
376,44.65304874223901,21.279905985360173,0,25.367755329544348,0
377,77.44641273441357,35.3778426739072,0,32.137546767473864,0
378,63.666840114767034,37.0329434943639,0,35.7135596266009,0
379,100.0,46.97192230131568,1,64.98891490536637,0
380,43.83403429289697,31.04706571418317,0,18.154840959683312,0
381,43.20556315638448,24.992410934888586,0,14.268855625113854,1
382,48.01214709111956,21.566516504831267,0,21.499062811131594,0
383,17.522085513803862,19.54758382322945,0,6.818802524645912,1
384,49.484899566384776,21.713875168175697,0,27.32059022541217,1
385,44.81734676892604,26.119150244509555,0,27.300783944603197,0
386,63.00787572952415,33.000400766794534,0,34.11465059443176,0
387,66.83511951554318,39.92626620476558,0,27.899210615119745,0
388,97.52341678431773,50.0,1,67.10776227052108,0
389,79.008476763721,39.66425912718934,0,35.60324273627319,0
390,48.46192688675194,20.463874091645053,0,30.88383796357117,1
391,42.03170657303284,23.315714001212005,0,15.031910054384863,1
392,69.83838343013011,31.530614866304525,0,39.38768016201061,0
393,33.59533585958716,26.864604167426695,0,21.262437280337426,0
394,96.62917531708707,48.997264313957224,1,77.46268866712397,0
395,83.58880241442574,39.96779345065233,0,39.74596824406539,0
396,50.616486957905906,26.231645008277496,0,28.869854276853765,1
397,25.73730941818244,6.133023261442738,0,12.138456945892717,1
398,87.07744748330826,38.680653549100874,0,40.45051535698565,0
399,57.70920309494764,34.85667108719595,0,21.17940030981202,0
400,84.75632623946923,39.09369172487764,0,32.97811295019579,0
401,28.111446824112658,8.821168498646632,0,8.809641778181494,0
402,48.012499540924544,26.689513533098705,0,14.590498730169353,1
403,60.104873994363665,35.980957770496815,0,28.190841732492217,0
404,60.939611875294844,34.06457249097276,0,32.65637187284223,0
405,50.99869057041513,30.479583714236647,0,26.425222969357133,0
406,72.45699864694997,32.444523880627685,0,38.355723644395844,0
407,38.64759141234811,12.214742372464837,0,10.217622492589163,1
408,57.15241029957413,36.0828734095645,0,34.97053421635403,0
409,62.40591263423798,29.58955712290831,0,26.441374413425002,1
410,70.28877668117498,33.890223258312254,0,31.759412648294834,0
411,74.23229756177778,43.75711949013418,1,53.25285155453477,0
412,37.50715816324262,21.534729128624612,0,22.904538140934363,1
413,29.317716585287556,16.938297153051817,0,9.580425617309547,0
414,85.55353643797018,50.0,1,65.03289481557763,0
415,66.64628023959183,30.105548967895203,0,39.24060845424555,0
416,45.03026926886893,27.154335274840648,0,16.62493029755256,1
417,91.02303951045046,45.796585379710656,1,73.84764031298091,0
418,62.31349268585717,32.49970773724487,0,38.772939451489876,0
419,83.58594368127653,49.435313972700925,1,65.47108182686699,0
420,61.35036962820218,33.21436359554921,0,39.58417935795639,0
421,100.0,50.0,1,61.71688396161113,0
422,95.10681684886409,50.0,1,64.93116774311878,0
423,55.02071703041853,25.68559486749484,0,23.833841211799506,0
424,79.4314190190871,35.519661172848515,0,43.32310612833027,0
425,72.90751899170296,31.229713525746313,0,31.20305579784075,0
426,87.37263115064697,33.85453262844347,0,47.47379132201091,0
427,40.70153078839791,30.631801043900566,0,27.203446114182523,0
428,73.72102919996878,31.344472771375976,0,40.33652910040439,0
429,81.16848973699176,39.47797675056702,0,42.00299998680339,0
430,24.825210271537713,11.028538636324253,0,3.7366192156325555,0
431,36.3348297466845,19.70444836238775,0,6.9665800213577125,1
432,19.21535644479799,13.686364285095479,0,7.927886374441164,1
433,54.61186331110885,31.60829909735315,0,31.202676675081086,0
434,74.35084511591924,34.26003536511493,0,36.9803249610719,0
435,90.04714104192057,44.187961952028225,1,62.934022792130826,0
436,61.481895608395504,32.15384755663925,0,20.611908438640867,0
437,92.57231091142583,45.04269982479518,1,60.93189336229072,0
438,32.397970835702175,24.23571329795105,0,25.756080853549705,1
439,25.932351212896908,15.421050364639711,0,3.28194887571806,0
440,58.889046022067625,33.1189119412829,0,30.391922117139217,0
441,67.68130897878615,37.155060832730136,0,38.877874355369066,0
442,59.34610503811814,35.540421806485696,0,23.398439179047607,0
443,18.651157999202468,10.23068679311977,0,5.124565686753325,0
444,58.21759920974423,22.62463986509288,0,33.79837729242539,1
445,33.91060998990294,18.953744753714677,0,8.50890080224386,1
446,73.39345097660077,33.43994101934124,0,51.03874076663423,0
447,67.33196492193697,31.022899052219703,0,25.322986166577508,0
448,41.20240427345289,23.533022230501913,0,25.89484478614584,1
449,49.72266165326613,31.052746183801244,0,23.99732213965074,0
450,38.815729562220966,19.51422266479079,0,11.63373277764693,0
451,58.74641805453656,30.9173740902631,0,31.57974478576451,0
452,79.10284641002477,48.06249792818858,1,55.8856422194624,0
453,40.285479073289125,21.346505434087405,0,21.287721498941263,1
454,70.08093031035689,48.04888072608042,1,45.75095789818701,0
455,49.39484763255118,27.524972044433312,0,27.713661319132562,0
456,44.142543354753116,13.267457881597469,0,11.781032003664594,1
457,57.85939280090884,32.696404505977085,0,32.122997243669936,0
458,39.295153551612515,21.553368700220148,0,24.93816840124201,1
459,48.92701389305636,30.91227071694191,0,26.301606147576734,0
460,36.04244214822303,21.38712783046131,0,18.761668173102898,0
461,99.29450265832779,48.954971409245026,1,65.24190964585743,0
462,60.70527103943457,24.231144338270457,0,26.79153170147203,0
463,46.00548984014829,21.95762863364402,0,28.9364180209608,1
464,64.27959821468444,27.887196836295722,0,39.32147613587211,0
465,57.753439006183406,25.97410225406809,0,27.686167321531432,0
466,55.58060800933555,30.733196026770823,0,28.020317740934146,0
467,72.2833340008685,44.491189522191284,1,51.618595125465426,0
468,75.1501542009461,39.548434749587955,0,43.438861326810276,0
469,49.38997704778945,18.715573213718805,0,14.01103632117681,1
470,48.4836351871064,26.464830934653904,0,33.94790477587195,0
471,54.49896605696712,33.23264046171182,0,22.857867642584864,0
472,13.961576705288303,3.9318738310472408,0,2.5453744287765327,1
473,29.69617875602896,14.178003544649892,0,8.00265949532117,0
474,87.33748534889048,43.74218364809123,1,66.9011903630741,0
475,92.89935427002567,42.52518556960163,1,65.37133894727467,0
476,55.01927920887243,30.751041773655512,0,23.144834152167714,0
477,71.53113926111533,35.160828887518754,0,40.17260727517552,0
478,66.22500309087073,35.2101637649705,0,36.71817835816327,0
479,100.0,45.5625391109895,1,65.41862949718137,0
480,82.39149822869153,39.00845761272871,0,47.97296311987324,0
481,57.44164817038467,32.33273087433119,0,34.57181763117535,0
482,40.889191187991486,18.580429833536908,0,10.558039040117354,1
483,27.87107359484855,22.5703560535913,0,14.333526109304456,0
484,64.06927271734446,30.03645543059922,0,34.80492521425177,0
485,44.87298509431393,23.559916175916396,0,18.127977195875676,1
486,31.554925808046516,20.440417063388708,0,15.92762029984367,0
487,47.068542315149465,16.442442492909574,0,6.386176717264416,0
488,38.369039927712095,10.380475903952167,0,11.783399095685363,0
489,93.74283270145129,39.24313477787517,0,39.06395023851635,0
490,77.63279513898901,45.12931808663041,1,66.3334967116395,0
491,59.84054717366765,27.160982857371593,0,28.269673117001574,0
492,89.59888277780053,50.0,1,63.74110647924438,0
493,61.547366152952364,27.95244508318924,0,27.635013546053653,0
494,42.774315973434724,22.309914502702547,0,19.94696361710698,1
495,90.46248154539315,50.0,1,72.32389749843675,0
496,70.77820087369318,45.4195648776422,1,42.95005715417119,0
497,39.25507691347087,29.935056339917423,0,26.012365387176374,1
498,56.193226438327834,34.13844437212963,0,29.786730624672458,0
499,42.48763493230485,26.364130095209738,0,15.208709226866347,0
500,32.34400538071328,19.134637436362553,0,5.397720362555225,0
501,78.52355095063282,43.1535808561496,1,67.64374061135743,0
502,98.18833280940261,46.338237823058634,1,64.36663200498764,0
503,32.02864852361718,11.923329844697054,0,5.123785854414395,0
504,71.25938473381142,35.61282007985095,0,41.31626507872936,0
505,46.987148617563456,22.642651196157086,0,25.1863386902113,0
506,50.25749232470608,22.862605915716664,0,20.439118279671046,0
507,48.15212151522262,27.557997994894887,0,25.159185634634404,1
508,42.72018460640368,26.13661834605439,0,16.23132888500045,1
509,60.97043255889654,30.927250710907508,0,35.9893232715613,0
510,43.38099767177924,29.078149241165928,0,26.99735366025529,0
511,65.40913651559677,26.99612268713086,0,35.3645992519081,0
512,58.99523781101726,28.529321609110042,0,31.305924211743715,1
513,55.22103906267181,24.02640792832188,0,36.41646015567277,0
514,41.848726759168045,11.591680294218722,0,10.461397508262575,0
515,48.46457338863335,23.818883265103178,0,18.322916067212667,1
516,75.10782451651512,36.94517471634114,0,39.8012818224191,0
517,70.01834375248761,42.57642059245446,1,65.43940712392937,0
518,40.44889510402898,23.378505974788375,0,15.150650086085228,0
519,61.986646108584516,25.87238893264623,0,29.18600922082233,0
520,75.02774246743579,46.78433406538883,1,59.596101424225154,0
521,26.611894377572565,19.411115666413046,0,6.518211471878793,0
522,70.8672038475987,38.34409044114243,0,30.522084021912775,0
523,46.74752482108307,22.241341916292374,0,28.983051691693888,1
524,71.41197337186318,30.908790502314194,0,47.30619029601789,0
525,44.73481686914966,20.506374554219565,0,23.34806572969437,0
526,23.902357986709617,17.39492209187574,0,3.7154187723374026,0
527,27.449151242336747,23.147507150841417,0,5.979772995900998,1
528,60.96169893322764,38.19706710797476,0,31.770729372719725,0
529,65.19445003442964,30.152977908283447,0,38.116611733796105,0
530,41.91366749791183,15.35874658251086,0,11.666336240716412,0
531,72.77184917554747,37.090355822329755,0,36.37390538317947,0
532,26.7695987546208,4.542602549496143,0,5.2192205591819345,1
533,58.678404027053666,30.955040584450742,0,23.878383849936384,0
534,35.77967600475087,17.15182507088209,0,11.031797316999922,1
535,46.96327784395682,21.1514564126372,0,28.050497028906335,0
536,60.94797342632828,22.500471376830163,0,22.745337779710475,1
537,42.79173269432095,23.963866880009057,0,29.34506123806389,1
538,52.308889115403495,23.49094035939219,0,29.024800662171753,1
539,80.1258561842888,34.213343913592965,0,47.06090131787337,0
540,48.462162609537025,9.869770238360266,0,8.760221281171468,0
541,76.71384224130284,38.21934659539824,0,31.527800343574228,0
542,37.40586290684764,27.564189436772537,0,17.958084904587334,0
543,70.59608355830565,43.604337851892176,1,57.811963913628794,0
544,88.83137241315801,42.130204923647646,1,73.39749032121382,0
545,10.567109997454214,2.272494696918204,0,4.406974783901383,0
546,44.062094890590465,24.37491872567035,0,20.817641061235065,1
547,71.5414425436108,30.778794075863942,0,30.63887523347594,0
548,55.93909227914015,29.478505638667404,0,34.11954900316582,1
549,67.42291746742617,37.54186012563654,0,28.887931604959512,0
550,47.92029626568359,30.094814252263333,0,32.10249090670341,0
551,61.731795749458,30.365127492329236,0,29.443974626696452,0
552,56.88645529215841,27.424858895194376,0,36.39613800916846,0
553,83.35564123319615,37.28790768281527,0,45.072477066894464,0
554,65.08841686602426,28.40980666281283,0,31.85923098579984,1
555,66.75205324150404,32.243632161244385,0,30.77904476162139,0
556,51.76246067755065,27.718057872856214,0,24.176690952044925,0
557,50.24787551855013,29.691860890441312,0,27.265521221151253,0
558,51.34883624360758,21.658523368402065,0,26.060200602892373,0
559,67.88904284756593,41.40796426858057,1,50.97546438343944,0
560,51.58031038359474,24.434537186584528,0,24.96199814020921,0
561,65.79549713792825,32.79091209722195,0,33.29063371755988,0
562,100.0,46.263941604260886,1,59.356329527925936,0
563,77.42249406863385,26.59004573295222,0,41.00208760826042,1
564,53.47952935664318,31.159991660126835,0,21.841158554737554,0
565,84.0242784432789,45.696358707101616,1,56.245477205610726,0
566,51.838492539568975,24.51260848419342,0,17.482524534230937,0
567,19.237509296442923,9.953708234345822,0,0.3246460794410053,0
568,39.83827378165192,22.498832979346457,0,13.141899375264515,1
569,22.58416157948289,3.479351505308731,0,3.873488000794496,1
570,52.96973031917383,23.83960177285544,0,36.25116084721975,0
571,60.368367583791034,34.155507190004656,0,27.5547854124195,0
572,93.52874624550566,40.492926006906586,1,67.65312365409298,0
573,66.53854747528325,34.737063398474774,0,35.27168067017327,0
574,55.61798942382271,21.026085688794332,0,28.4643206429906,0
575,76.58811162366979,40.626205724002524,1,57.90683850820493,0
576,15.777293819842297,7.710439498433731,0,0.9560890459624627,0
577,64.71229116217133,24.280486501558116,0,39.61078332248172,1
578,75.41730387773934,43.53234871115553,1,66.7446351570591,0
579,30.428275084403168,11.54117965821134,0,3.4004220357940778,1
580,82.87508086413858,37.386278246997385,0,36.31739747763739,0
581,66.76992814988829,34.38781006109886,0,31.985912363059114,0
582,51.69424172198397,31.59030760813556,0,21.02443188644103,0
583,72.6556373221257,31.248709566170866,0,38.85764642834218,0
584,100.0,50.0,1,66.35863898796694,0
585,63.6373251011699,33.962745052237814,0,42.64394288961796,0
586,64.96441172600672,35.947733899319076,0,38.43494883472134,0
587,50.81278200919512,26.288598780983683,0,26.469261157758634,0
588,43.003112610704164,19.66641710993547,0,13.318243810975371,1
589,76.60671633088491,34.16540706219885,0,43.832860287228996,0
590,42.878323481822655,21.8698811561432,0,18.61942430062011,1
591,61.43132474438785,25.35496731226589,0,26.6345761494841,1
592,50.44685106469767,10.616673114875798,0,12.807070423598535,0
593,69.57959651492784,36.97259727825226,0,39.097978879953644,0
594,66.67324210573896,37.856295258300456,0,34.03192304613657,0
595,80.75079888515799,28.560737264869804,0,32.490417031624006,1
596,49.79967202290506,19.85118248790284,0,10.442856895849157,1
597,54.60250129413257,30.397021952092274,0,26.931386329094398,0
598,40.42472568435385,30.49984019073542,0,19.834034820547775,0
599,51.11413479847777,25.661035937615924,0,35.419778283187924,1
600,67.54600986089704,30.13299022430285,0,26.843065218453532,0
601,75.13977233290704,36.65540396092932,0,40.0978323756329,0
602,41.55669351644749,27.652728853964668,0,28.22391229986519,0
603,77.3921184021132,35.46623830543392,0,50.05330792817058,0
604,87.11275717609902,39.56041855479825,0,41.534391472129705,0
605,68.26869806447402,31.72063142132685,0,36.59149629583801,0
606,97.53591625116132,44.0013150842871,1,71.6167599115739,0
607,44.52421601792854,22.875459588938245,0,23.239516666730722,0
608,35.10690593377166,25.67684525923363,0,17.059226960689298,1
609,24.42559502191443,13.828193876537359,0,7.196337229228722,1
610,89.92088622978366,43.698675604260394,1,52.2992126887934,0
611,73.08731312708116,35.08460021896286,0,39.954004013853734,0
612,58.8883065817909,21.628199247412166,0,30.075042809205286,0
613,65.59937252639641,37.215235148934,0,31.687311779306878,0
614,37.49021905403247,18.355923541952226,0,14.489710252807013,0
615,100.0,49.097600432046875,1,66.62532990604724,0
616,62.58442363950455,47.25774965897658,1,49.276831874427124,0
617,62.187895892097856,32.58771248787736,0,41.0517144570726,0
618,74.51533247797384,33.498710988511,0,33.097359714737635,0
619,69.62018463473426,32.678304336339416,0,32.05951590268443,0
620,64.47768048558262,37.98106878877509,0,31.503713125637063,0
621,44.19051089109376,22.6616074982357,0,26.298927856194624,1
622,69.42936714271991,27.523293679773122,0,35.753696108126526,0
623,97.64048992950067,50.0,1,62.35711822898903,0
624,86.90840092309955,40.113480033854806,1,60.79335764591383,0
625,91.86373253278795,50.0,1,62.89509410033291,0
626,49.7756864713763,30.28808356426139,0,24.50173800957292,0
627,40.20790359482838,17.867342319120436,0,11.116585045281667,0
628,57.48426159800704,35.14721260767908,0,30.83315957844338,0
629,61.114498245773895,30.896526675523965,0,21.677190352644935,0
630,81.88383036941897,45.20578356032058,1,66.26162012251376,0
631,26.150707405703614,15.499017789324181,0,7.1690989664174625,1
632,90.59100638921227,41.06371991965177,1,72.21816343257566,0
633,56.839842028420215,25.202171852622797,0,30.640912650663466,0
634,51.4623786010516,30.880993388431605,0,31.23780408920461,0
635,39.75791249479664,18.205079586865615,0,11.105841402324478,0
636,26.902866562684604,11.433190965132319,0,10.09128103117802,0
637,76.46341167923829,33.45609294287238,0,40.84295901970804,0
638,61.466359343768076,32.851174999851345,0,30.243603439669517,0
639,34.20078200517892,27.41301559880519,0,28.462564604823868,0
640,34.09842455872768,11.711547708092475,0,10.74719894538165,0
641,53.28430601419743,26.76325029046251,0,29.510875112120782,1
642,93.38043050578786,50.0,1,60.30869317020224,0
643,54.8081729727279,27.005879530135374,0,20.962548399046263,0
644,29.937140937637878,17.23042945006761,0,8.216073939764103,1
645,55.085138718281115,22.23060171840616,0,28.270175347981763,1
646,54.5455286050466,29.414299788561543,0,24.202151477481717,0
647,6.062267141168567,2.0954122455615396,0,1.8680235343222917,0
648,58.91410266964375,34.38570131322119,0,37.400185975039854,0
649,55.38130939582644,33.62758495573698,0,31.167667070664713,0
650,73.92412729626837,49.90988185822725,1,51.25702109937049,0
651,96.9791218989069,50.0,1,67.93201681373873,0
652,82.53130059095514,42.8946318783884,1,57.24081789121477,0
653,54.62222618890339,28.283034602338375,0,25.37261351240889,1
654,37.869481825166595,17.168909448529856,0,8.433331292217542,1
655,100.0,50.0,1,67.61177208697997,0
656,61.184368680289765,29.115177289449736,0,24.316507480277906,1
657,60.27858583825893,30.981597800477534,0,29.501019511538512,0
658,59.517498257799936,36.34673680693977,0,26.95571094466342,0
659,63.9616952153571,26.948134781280345,0,17.33360415766721,1
660,57.112791761521144,34.2557886864058,0,38.821256003268886,0
661,48.526759862395274,30.84895526789696,0,29.707228202280998,0
662,49.062821175192155,23.941067952640683,0,22.649906962971098,1
663,59.34493459568003,19.06319280279704,0,14.883281273271503,0
664,49.1315045773247,21.526642353190187,0,18.70748055207454,1
665,45.74308434645671,29.3565149060339,0,31.350156562282685,0
666,62.12860455383794,30.94996196542456,0,40.55074575078453,0
667,54.900455651582895,22.453716664316893,0,28.23369646702407,0
668,90.07985977165377,42.5160552796858,1,70.15758310675362,0
669,6.98060383213976,7.693402048592645,0,2.1833679053697495,0
670,81.83013703844924,43.64873636023152,1,54.231441324844965,0
671,84.92170384995258,41.266191429127815,1,60.401735080158005,0
672,18.53219535183701,7.431975616845066,0,4.962868754889145,1
673,53.146248118393025,24.614333313977404,0,24.30038546547929,1
674,52.57118268008417,21.673540417549574,0,25.192324952866905,0
675,31.849766105643575,24.001761500168996,0,15.467885265276212,0
676,44.443666248182495,20.61023077803455,0,21.817440634763937,0
677,37.78848309068343,24.980034149469198,0,19.15553399782913,0
678,95.04540886847245,50.0,1,62.219679102253224,0
679,78.71356786294922,44.34833842221441,1,55.77170318583493,0
680,85.43110189988317,40.557449386351344,1,56.29262962144174,0
681,74.4334412808647,39.2353710921154,0,42.10579838886335,0
682,37.41896457565542,18.58850425587313,0,4.090623789313044,0
683,49.509594674404525,20.236288033551624,0,30.522749053786892,1
684,69.78749122455837,36.515542020887196,0,41.8254925985934,0
685,35.55744382216109,11.883522955281533,0,8.133909488083718,0
686,74.25996860344776,43.0683812440317,1,44.11429886258739,0
687,55.193492036837306,25.273659531926686,0,25.7901932085822,0
688,52.50358384900805,27.257590203868222,0,25.93087111805993,0
689,74.21919936406984,38.52603903976563,0,32.05660858239035,0
690,68.8852662297208,33.148108246340016,0,31.866541145819184,0
691,52.7806766836184,29.323807349185575,0,34.04131433612596,1
692,83.18659606728497,39.21877975052986,0,44.91793384515119,0
693,38.37873344800205,23.545853211287245,0,14.566546152110528,0
694,72.31871213888527,29.429457668208894,0,28.171360221465477,0
695,71.86202515936768,36.5629104774159,0,34.29592599163498,0
696,53.809071213720195,36.59918060215152,0,25.837251710107907,0
697,66.52266044484236,28.259673599393306,0,35.74232615923776,1
698,34.97772847229393,14.10013938352271,0,7.406140336654335,0
699,78.48054038413802,41.80980944036359,1,61.79776806887832,0
700,56.30195727114022,29.048887545268098,0,37.82674883587126,0
701,49.54553958961921,26.5259202911774,0,28.85027490703092,1
702,80.98018451673778,42.93602790910721,1,60.24964972171502,0
703,45.91312618914481,26.130170437381256,0,22.040810739305932,1
704,31.830774072728808,21.46388624614552,0,14.132021365465048,0
705,28.867416529521925,16.482801549403526,0,10.168456413510842,1
706,72.12019902691279,34.85381124036368,0,32.92353228369988,0
707,34.39141295007434,20.558574981050825,0,17.42182002003708,0
708,95.09588363968729,50.0,1,67.80393132924907,0
709,18.36141184232556,8.517537189249913,0,3.3358924785525597,1
710,93.92912736580077,42.09191715954718,1,60.10223594347987,0
711,64.22034934405237,37.645578018461045,0,33.72504719011452,0
712,58.06573776259215,28.430963061528082,0,28.727849022019157,1
713,49.10161826382101,13.687461401840324,0,13.526005739546678,0
714,67.98272228704141,38.228469529272814,0,31.32335961132487,0
715,59.24730595150303,26.9470120459819,0,35.72775946981675,0
716,82.06603764033044,40.580352408644416,1,56.64914991410599,0
717,62.28455297324079,32.80217813946547,0,39.70247790670986,0
718,63.006035229237554,32.45551601351411,0,22.76483506547747,0
719,52.72775575572288,29.91113696355664,0,28.537728200645898,0
720,58.861087525578654,27.25311190994011,0,31.807697175422444,1
721,66.15603537784118,35.643546679801005,0,29.100232349216178,0
722,25.796632146867495,11.600582685514162,0,7.510142881369405,1
723,33.03629155788574,20.212198183380384,0,22.915739127743663,0
724,74.8652818804543,40.50947836029242,1,46.34854674345683,0
725,63.41730876255884,27.031460871056446,0,34.22237841873349,1
726,56.32033327294642,33.59007721734837,0,15.693812534822822,0
727,60.36867866130786,27.50452210508369,0,25.35601531303789,1
728,66.95163410723342,37.51610604502243,0,41.621648878121434,0
729,49.20480639381277,26.438839763913087,0,21.69349302994611,1
730,44.433905491953745,31.407871129952483,0,16.34755292393201,0
731,63.91690510195363,30.841122639117554,0,30.968763906053407,0
732,40.43254444769936,18.46968824325869,0,15.27790195733372,1
733,68.16505511428943,33.98542952770605,0,24.924116321114585,0
734,25.94832791524319,11.45826504345022,0,3.8588071997124365,0
735,80.58311274651287,44.291265882966684,1,67.77871478915456,0
736,69.45194964826086,26.644421781947493,0,44.014486541819096,1
737,65.12059468627751,27.291885247406984,0,32.043141221687335,0
738,79.65381967891028,34.48789523155918,0,33.63164632682193,0
739,93.30948888925153,50.0,1,77.13396195367156,0
740,80.2874013003626,48.696767513090926,1,68.11591260892729,0
741,23.182515373367096,11.06901159399619,0,7.492996312747357,1
742,34.40846066528597,16.360121716692934,0,6.571109293977942,0
743,47.503628446086424,24.10207503860912,0,23.50666751885303,0
744,60.521821004216676,36.07030201514929,0,29.45911009688419,0
745,70.35318040938246,30.53982453373836,0,36.83084672776912,0
746,45.48512373693069,23.93440678213927,0,29.99756905912202,1
747,63.73533528954157,36.74365579368293,0,36.264752850457796,0
748,44.89234135293355,24.951641526166,0,17.059290291542982,0
749,47.76964394016103,24.832730053074233,0,30.767304220178204,1
750,31.866778063035554,20.938619494353482,0,17.499049731583554,0
751,41.535335077781916,7.251506073894772,0,12.10149825909277,0
752,32.966307887673324,19.8725305414912,0,11.907929120114838,1
753,40.48253494045335,16.970889054589556,0,7.341683111329459,0
754,81.07283593215679,31.38325348179611,0,40.35729007254608,0
755,41.01202222336114,23.062024109305476,0,17.848738354884496,1
756,100.0,50.0,1,62.160702873172724,0
757,69.86635801761778,34.24593643567043,0,36.66672889683349,0
758,63.69672247389748,36.61273397296343,0,44.40614399487086,0
759,42.832844396375734,29.477813488131094,0,12.216033475659103,0
760,74.00619758817982,43.57767106201015,1,56.84169573884255,0
761,48.48724347524452,32.44344438447922,0,27.446336412996125,0
762,62.44019629290723,34.930735601813076,0,31.83548915473452,0
763,100.0,50.0,1,69.4343597374213,0
764,58.078802005507,21.02957194326766,0,22.54331918552438,1
765,82.98546652571352,40.26242082220702,1,62.65666697755758,0
766,45.93647149748225,18.752002772160168,0,9.592207931830748,0
767,59.300230190060766,40.50482868251945,1,38.70050657013762,0
768,95.4160127127102,46.828577294193416,1,73.68096745892376,0
769,47.460658844244655,24.346353456044756,0,28.52225852133254,0
770,96.24897115993858,50.0,1,68.38279046422468,0
771,74.1550387091095,37.29553158641702,0,38.22289279558326,0
772,48.750664482114644,32.85058744321108,0,29.74692230463513,0
773,72.64815478111042,33.21083058188295,0,37.44577567444562,0
774,79.4510889925346,40.69858177245351,1,64.24563227007387,0
775,72.43619924434392,32.50574669368172,0,34.73068861780271,0
776,28.595505602190872,7.6976402449919075,0,10.428835746982585,1
777,45.457256483502626,19.669782787224886,0,12.166278435707365,1
778,55.04962728896991,27.339629659242895,0,28.495073362514326,1
779,58.511331417999074,27.109154586413236,0,22.905360265439377,1
780,72.41344195101355,32.7446160761375,0,37.64150024701532,0
781,63.55402001866508,24.74542269097337,0,27.617235421860283,0
782,33.29311282579798,16.231028549755514,0,6.727571390128259,1
783,67.60395702011927,26.27837663990462,0,29.725100368479026,1
784,72.21171490567646,39.90613727128624,0,30.7746827933421,0
785,71.1958089586208,36.01010324398292,0,46.22176149439521,0
786,81.61561451109243,33.52004975822156,0,47.46450256548823,0
787,76.67844309097808,36.793176160239724,0,47.94105905621035,0
788,69.18360158456873,30.83101876433145,0,28.477325694506547,0
789,58.59668577082706,30.89421543750943,0,29.654611634967992,0
790,26.78078132968018,20.092642894955812,0,6.922852538819612,1
791,68.59236438265172,24.92031984309714,0,30.817707805340543,1
792,64.15375374326223,32.6520072673682,0,27.48624195454824,0
793,65.43157674390747,31.915124394120532,0,38.91370840416154,0
794,34.465028483593805,20.58921462404923,0,15.251365851288103,1
795,38.37886919183475,20.255417737105823,0,24.531331264387457,1
796,81.06305706665808,36.77168187463494,0,43.552132981271626,0
797,59.2088969228669,28.00917878310036,0,41.12264222195739,0
798,73.63001394745248,32.8348776897088,0,29.41778585802762,0
799,60.566367522609184,35.66321945429758,0,36.57934996023859,0
800,60.59512278991487,30.404119638317145,0,36.029765746961075,0
801,78.76567611951995,48.888791488525015,1,54.515943869624806,0
802,49.679105435652524,24.53624864875316,0,29.87521940019206,0
803,61.92241553881967,27.419173934857522,0,32.64193258454098,0
804,50.754494225899144,17.80867514988544,0,12.119932906591266,0
805,51.31007545135369,16.639339344397122,0,10.767680145408423,1
806,53.816557530627215,18.987599050286157,0,11.656365754033839,1
807,64.44267543267425,33.55697097139454,0,42.47039819526675,0
808,50.425027566730456,27.756138899514898,0,25.21592787815264,0
809,85.11512251147042,34.651607745574545,0,46.468211263392504,0
810,42.10785395560992,25.529118548185536,0,17.099430069467193,0
811,56.26256711677282,25.715978299969212,0,24.232018827278218,1
812,51.2053788345165,26.336654477186,0,31.01261346350796,1
813,88.93955768707465,50.0,1,57.72189778577967,0
814,63.931095530231495,36.44974434444341,0,29.88947892558939,0
815,80.6368907893727,38.97579215515719,0,40.48858245004751,0
816,30.288792539260562,10.688435142553844,0,7.8506296394152715,0
817,65.34100531738518,21.911425652046066,0,31.775036233611807,1
818,77.79261591246875,35.30054136002227,0,40.87540686171399,0
819,61.645679785508484,29.76718869861577,0,34.2871186718433,0
820,81.30960750130703,35.71890611489759,0,44.327991477950164,0
821,49.654230997992556,24.170830663534755,0,19.898096455657146,0
822,88.1869488037116,44.47773381664964,1,62.672698912211814,0
823,100.0,48.875720090959604,1,75.9738143093847,0
824,52.74322879120682,23.12160149148611,0,30.84485033347277,1
825,51.08994957198456,26.38824814582592,0,18.680677528586962,0
826,89.06768954235402,46.743548019024054,1,66.29124427293802,0
827,91.59144291461425,40.34372607009289,1,55.90459521043307,0
828,49.54279945693463,31.826061627198666,0,25.006074238769163,0
829,51.59626365808285,25.305191167620116,0,35.286966912771305,1
830,54.364307822789854,27.276402026119165,0,22.442690325049995,0
831,33.11098977931446,20.096567005940017,0,12.38387966219932,0
832,41.626961070316035,21.979561191475526,0,24.633629443022315,1
833,39.91718466495864,24.724275502045543,0,12.24458475643109,0
834,44.644048697917434,23.757645174967838,0,19.158249199533522,0
835,59.30630225226438,26.59096425293,0,32.635356814040954,0
836,64.68429465073041,34.149664951395714,0,29.17071808691819,0
837,91.01000985628154,39.786373891537465,0,44.32515499208591,0
838,40.03291918522418,20.559258121494707,0,23.737388144187264,1
839,79.68644796953167,39.67707403154353,0,41.950954402448644,0
840,55.72022311548982,26.819527271382213,0,29.19420353922192,1
841,59.01072580695134,28.862675346281016,0,27.809751507125476,0
842,73.49638984333207,27.33894969417784,0,38.598500498010814,1
843,37.54555956875403,16.029155245672207,0,9.077058191939116,0
844,67.64819492368102,34.28832196754608,0,36.113125511469434,0
845,63.32904416426112,32.46380404211756,0,29.17986195654067,0
846,69.84902528016298,29.786136935451697,0,34.011667768183784,0
847,65.78337287815636,39.22022564340168,0,27.941897476318108,0
848,100.0,45.6691257589275,1,69.82496194996882,0
849,47.24520031497368,28.469886160120524,0,19.567595839342616,1
850,49.380060899963645,26.826002259340246,0,19.119798199171857,1
851,47.53718947150471,20.537458186533343,0,25.061900475029297,0
852,48.890457616794905,33.321783271445014,0,25.508927687685755,0
853,47.252257453869646,17.657944568152423,0,13.770248700838843,0
854,83.78033062215104,46.48593617912553,1,59.73453746320003,0
855,88.4100849597971,49.207954070113445,1,66.24530671408233,0
856,48.58507412501047,20.939436017122013,0,27.04652492387355,0
857,43.352888537915426,28.638770769279358,0,23.900313308115688,1
858,69.42831112772808,33.46392299086928,0,30.585887149853328,0
859,48.95553911438057,25.921237703589572,0,25.22458696854623,1
860,72.65863635511022,37.63092737141121,0,38.150019657828416,0
861,64.058460417026,31.35768650116026,0,32.06512254305271,0
862,29.68511770005536,18.89660021582659,0,2.205085279086129,0
863,90.95010402660124,49.442495616061684,1,66.27750013316803,0
864,95.91755346191043,39.21611686476431,0,59.02143192794143,0
865,47.74422619031228,30.393814309546904,0,22.071916751371226,0
866,52.24596880128032,17.81052446046179,0,11.241299455681776,0
867,65.7173078144981,38.02138492895734,0,34.72539670580604,0
868,66.6891357997405,38.978093584008164,0,34.90645895220311,0
869,73.1708854534566,31.130610575652312,0,42.549118553810374,0
870,100.0,47.945928560227074,1,63.71065922045556,0
871,56.46105545011901,22.702004382629827,0,31.88742898793447,0
872,44.03405510923093,20.942422403171786,0,24.96913786087278,0
873,32.41361543970945,14.66663629892602,0,7.748037517575998,1
874,45.38139920116162,26.58900226192751,0,24.38413619018926,1
875,59.337460542524056,36.22027400186007,0,34.81601767925382,0
876,95.89115727035575,50.0,1,72.30715553532012,0
877,49.64777401927657,22.013046876746774,0,19.10879044926964,1
878,64.47575903277797,31.191770147666347,0,36.33867045016641,0
879,59.67154207854496,21.41858007816773,0,29.51232801410989,1
880,83.76786546896167,37.85458240199989,0,42.24830322455841,0
881,100.0,50.0,1,70.36598495500847,0
882,49.382624541593586,32.76922638853795,0,23.940097326805496,0
883,50.21121114963556,18.93386121541817,0,15.532071530176552,1
884,80.88321754138144,37.47928747492625,0,40.023018971444664,0
885,73.63782979252623,36.68688611146848,0,31.22118425434727,0
886,96.93414651472067,49.86787905145837,1,66.4994239775117,0
887,71.67856370651928,31.791264253651413,0,36.73275543731202,0
888,52.81415818425881,28.527384314449854,0,32.553153013614654,0
889,71.81309661384618,33.537351571568514,0,38.92202173166726,0
890,82.17407161165815,41.01477445143768,1,56.83435941209385,0
891,76.40964362394729,40.93624305199214,1,70.6307713953681,0
892,70.14548062214595,35.104851660127665,0,36.396616865962876,0
893,81.33349379178308,38.4848174432587,0,47.04370058588662,0
894,83.38591180891345,41.14490688482757,1,60.93438373657058,0
895,87.64317982075055,43.3797751143486,1,66.48838613390252,0
896,72.97419775179286,34.637043726485786,0,40.68444139848845,0
897,56.657638393662914,27.034838883495944,0,34.419792755602735,1
898,62.934273728666454,39.46037271685681,0,36.75397839122435,0
899,84.13017933016714,44.86968690478976,1,66.42607466544845,0
900,43.66128658025528,20.353241699981837,0,20.255209634157097,1
901,67.37346617745803,37.17150511128269,0,30.828002878948706,0
902,52.13322375345279,24.397514427946344,0,27.729649428347383,0
903,60.57489645869635,36.15307141728138,0,34.95308859105352,0
904,85.56903725214598,44.63272958706346,1,61.67091512218995,0
905,63.82198136039807,31.37447996017789,0,37.23685050877097,0
906,60.92873096312297,32.702950110612875,0,37.72744920899238,0
907,32.802877180401616,8.54705782985831,0,5.909916997416855,1
908,74.92507132054442,31.828698315723184,0,33.27793214129081,0
909,72.9096836228215,30.485216779415474,0,35.75296651688407,0
910,100.0,50.0,1,71.53806334094598,0
911,53.84443530093999,35.584792647895455,0,24.29938258163474,0
912,64.38300655327878,43.34800400760255,1,58.95251667097511,0
913,64.9876736742151,35.68409234431134,0,34.61417114469981,0
914,91.54906559526948,48.27875517235702,1,65.97176803883845,0
915,58.09408935226096,20.041756005366786,0,21.86749705678784,1
916,65.58043051540679,30.076846259033285,0,26.211136175565862,0
917,72.15793019433079,32.1400463376242,0,37.48401134857443,0
918,63.73218246312716,28.761853240308,0,21.2031131007894,1
919,51.071327708989436,24.69494476157077,0,30.59885090271508,0
920,63.88179985796615,29.58044704049744,0,31.150130707121473,1
921,81.47263499719544,30.83981844671878,0,56.951782346571385,0
922,39.4696940117788,23.47439828647707,0,31.274428258969948,0
923,62.65939348293752,25.965981612769724,0,30.422451395231175,0
924,45.997583701216534,24.195026171164017,0,22.467106837951693,1
925,83.90093257849685,50.0,1,66.92837385925857,0
926,29.536261904324505,10.171207994230135,0,11.64199700087622,1
927,48.82156305456823,11.759343913552467,0,8.110318120052016,1
928,67.54423750129041,32.34209764124465,0,24.840241423871774,0
929,91.31048058468681,50.0,1,62.5450662645715,0
930,58.68499477854024,39.13423466037309,0,32.25618530513945,0
931,48.896009466136036,18.300256760805933,0,13.466186342803002,0
932,97.6231413888118,50.0,1,74.16042796932516,0
933,31.03972199167512,13.193308711937293,0,4.760686677005509,0
934,16.02388086759836,7.482198662278503,0,-1.7843894405226015,1
935,68.80028900106664,47.621861235618496,1,58.69021547704405,0
936,49.958915512947776,17.46460611449812,0,10.419238195823858,1
937,39.57534365738574,21.056370136165736,0,9.69523250674968,1
938,74.16712894598706,39.42203033182069,0,37.80888320279044,0
939,64.87601427542398,37.86693876240873,0,36.40388557880538,0
940,48.718427385265436,24.849129459987196,0,23.74892803202633,0
941,34.393912026582115,18.73720871081157,0,7.4538570411893055,0
942,77.44914656560289,36.76633044569249,0,37.92776212207191,0
943,73.00402355917322,37.84764648581215,0,34.6490979675827,0
944,58.01648272441234,27.29227998471912,0,22.268005802505336,1
945,96.93273992095331,50.0,1,64.8929665755245,0
946,38.598304673476946,17.451100656520303,0,10.952775930903773,1
947,29.48949658150522,16.630250260263544,0,8.176570498817556,1
948,46.16183860237511,22.934605232762664,0,23.921218331021656,0
949,59.088279672890046,35.17439109030586,0,24.568397427178127,0
950,64.86678898645384,32.17642587528449,0,31.525878682548583,0
951,55.175278842873404,18.722477080402292,0,8.351157094611214,0
952,67.04110793028593,39.83016146871292,0,34.412937284569914,0
953,34.969211516191116,12.955944253782462,0,12.314447148581698,0
954,88.87529208146519,41.16881434748849,1,57.06698538052207,0
955,58.35697643214862,26.20018174585685,0,26.248849849485534,1
956,82.34591663176256,48.04514878173537,1,62.81849220943193,0
957,66.85450692755408,22.748882393883562,0,39.69146663591446,1
958,69.13506438307567,50.0,1,52.32640911003709,0
959,71.39534560464408,40.977956847652294,1,52.23642115599256,0
960,68.9541712003463,35.59328017081894,0,24.632469888092732,0
961,72.85445519735087,36.152757595594004,0,36.94441824521597,0
962,86.58305060264863,44.7192956756126,1,73.50190550204303,0
963,63.930423394029404,34.570823838911394,0,33.35200400683808,0
964,74.18007515177024,40.31611550563541,1,56.978642679966555,0
965,58.205286114255465,31.880665387144976,0,30.713054610962658,0
966,88.80234430898946,44.84907556077098,1,64.34571213475172,0
967,46.47215395881461,22.249384877870675,0,19.171005118106656,1
968,96.01880865821632,47.2530379108406,1,72.12580390749667,0
969,59.196840987113134,28.623879091793164,0,30.727228109115337,0
970,31.384497957639038,21.361099463154844,0,15.780315238487805,0
971,62.562088298215784,34.2488277605122,0,26.404214012716643,0
972,46.37896685050238,8.487540251929788,0,14.853511542462492,0
973,76.81287097977449,41.68593937253605,1,61.7299492165528,0
974,46.94752041395218,24.447441180569964,0,20.709156020139577,0
975,51.0763313357044,25.444621885622713,0,30.547289936261887,0
976,22.20918538108938,9.162000425100262,0,4.308369249309327,0
977,50.953873615018466,31.0975004074393,0,21.566919344954048,0
978,11.522413467420867,10.498839044324722,0,0.9813455731544991,0
979,28.321943530285534,10.296583426024721,0,2.6528144998511554,1
980,75.20829312288595,39.639407997065646,0,39.961858463534,0
981,75.71600317301665,32.999717913801895,0,28.702277194816574,0
982,68.50915123569929,27.356484793904997,0,28.112356461520832,0
983,40.66047713741574,17.196652445758044,0,4.976149261657602,0
984,59.0457728771604,33.834853800493995,0,29.092537974625735,0
985,59.92794921818863,34.729599835974746,0,29.212372307734956,0
986,36.832706216149155,20.98178020856104,0,16.782872042142756,0
987,90.067966035343,48.65946195191149,1,59.82109454431862,0
988,77.54724581151343,41.35451434133151,1,52.912454138573516,0
989,55.58071652340672,24.5829502855886,0,30.11220757943623,0
990,60.537716779890616,32.42847111331501,0,27.51609873140287,0
991,64.16765615895105,36.08587570561394,0,33.665619687156244,0
992,19.165302631514187,13.354107964824966,0,2.5782039425679906,0
993,55.056452349588064,33.472793032167246,0,28.43353988864944,0
994,46.36031504004403,26.721676756027332,0,29.69654770660233,1
995,39.96759980210169,21.741040938758758,0,22.914628903014762,0
996,54.377994142280905,32.53974826272259,0,25.12692798005805,0
997,95.95373053699045,47.844258972249925,1,69.26286012027487,0
998,72.8168572253402,31.99905535653151,0,35.205102740019036,0
999,48.57642020434406,23.47287528245321,0,24.32761102564567,0
1000,71.45165562712317,32.00131458952934,0,34.097772552819066,0
